,timestamp,price,side,midprice,bookfeature,alpha,minprice,maxprice
0,2018-07-01 02:04:44,7109000,0,7097500.0,8240648.294736132,116976002543.7794,7082000,7144000
1,2018-07-01 02:05:54,7112000,1,7100000.0,2816755.1842516027,39997923616.37276,7084000,7149000
2,2018-07-01 02:42:54,7094000,0,7075000.0,8322288.723779252,117760385441.47641,7051000,7131000
3,2018-07-01 02:44:44,7094000,1,7076500.0,5985209.451547312,84708669367.7491,7055000,7125000
4,2018-07-01 02:46:33,7094000,1,7074500.0,3317511.588328397,46939471463.25849,7051000,7126000
5,2018-07-01 03:42:06,7083000,0,7067000.0,2935756.3477559146,41493980219.1821,7051000,7124000
6,2018-07-01 05:36:48,7099000,0,7088500.0,3780368.7832002006,53594288239.429245,7078000,7134000
7,2018-07-01 05:40:01,7124000,1,7102000.0,-442941.83635994606,-6291545843.656674,7077000,7162000
8,2018-07-01 05:40:08,7131000,1,7106500.0,86778.1035772441,1233377186.1433704,7077000,7162000
9,2018-07-01 05:40:53,7125000,1,7106000.0,221431.5131154377,3146984664.3966007,7079000,7155000
10,2018-07-01 05:56:18,7114000,0,7100000.0,455216.84818658326,6464079244.249482,7083000,7155000
11,2018-07-01 05:56:25,7114000,0,7099500.0,1596968.7301338855,22675358999.171043,7083000,7155000
12,2018-07-01 05:57:11,7121000,1,7106000.0,1240290.7716573346,17627012446.79404,7085000,7152000
13,2018-07-01 08:19:36,7124000,0,7113000.0,8524335.011802629,121267189877.90419,7096000,7153000
14,2018-07-01 09:08:18,7178000,0,7161500.0,2625446.011786144,37604263226.81295,7141000,7216000
15,2018-07-01 09:08:19,7178000,0,7165500.0,484205.43543939106,6939148095.281914,7141000,7216000
16,2018-07-01 09:08:19,7178000,0,7165500.0,484205.43543939106,6939148095.281914,7141000,7216000
17,2018-07-01 09:11:26,7186000,1,7174000.0,8204072.8398317825,117712037105.90642,7145000,7218000
18,2018-07-01 09:11:26,7186000,1,7174000.0,8204072.8398317825,117712037105.90642,7145000,7218000
19,2018-07-01 09:12:09,7180000,1,7163500.0,7971562.941603905,114208582264.35915,7129000,7218000
20,2018-07-01 09:17:32,7171000,0,7162500.0,478092.08389436547,6848669101.786786,7140000,7211000
21,2018-07-01 09:22:00,7161000,1,7138000.0,4648416.180171588,66360789388.12959,7107000,7197000
22,2018-07-01 09:36:28,7117000,0,7106500.0,858200.4447004525,12197602920.527533,7083000,7171000
23,2018-07-01 09:37:09,7113000,0,7103000.0,-2761508.064480748,-39229983564.013504,7083000,7171000
24,2018-07-01 09:38:02,7119000,0,7102500.0,-1182512.1958100982,-16797585741.482447,7085000,7178000
25,2018-07-01 09:39:19,7121000,1,7105500.0,-2966258.811234201,-42153503966.44923,7086000,7184000
26,2018-07-01 09:39:19,7121000,1,7105500.0,-2966258.811234201,-42153503966.44923,7086000,7184000
27,2018-07-01 09:39:41,7131000,0,7110500.0,-1241720.017909715,-17658500374.694057,7087000,7181000
28,2018-07-01 09:42:18,7119000,0,7105000.0,1765309.4934414178,25085047901.802547,7087000,7171000
29,2018-07-01 09:43:35,7123000,0,7105000.0,-1243020.8741989508,-17663326622.367092,7088000,7183000
30,2018-07-01 09:46:53,7129000,0,7110500.0,-657311.9295264771,-9347632949.796032,7090000,7184000
31,2018-07-01 09:46:57,7129000,0,7110500.0,-1101448.500405741,-15663699124.270042,7090000,7181000
32,2018-07-01 09:47:02,7130000,0,7118500.0,-1760065.9365744684,-25058058739.010708,7090000,7180000
33,2018-07-01 09:49:19,7133000,1,7113500.0,-1958332.903325568,-27861202215.612854,7090000,7182000
34,2018-07-01 09:57:31,7131000,0,7113000.0,329601.705811372,4688913866.872579,7092000,7176000
35,2018-07-01 09:58:08,7133000,1,7114000.0,-1074999.8510318538,-15295097880.481218,7091000,7170000
36,2018-07-01 10:26:05,7065000,0,7045500.0,-2277027.906936419,-32085600236.641083,7020000,7126000
37,2018-07-01 10:26:09,7074000,0,7052000.0,-3471346.5368580017,-48959871555.84526,7015000,7126000
38,2018-07-01 10:27:59,7071000,0,7048500.0,-241280.37612488773,-3401329462.2325425,7011000,7134000
39,2018-07-01 10:32:27,7085000,0,7064500.0,1657215.0891915988,23414791995.188103,7040000,7140000
40,2018-07-01 10:32:27,7085000,0,7064500.0,1657215.0891915988,23414791995.188103,7040000,7140000
41,2018-07-01 10:36:16,7080000,1,7058500.0,3265119.054745022,46093685695.83548,7032000,7128000
42,2018-07-01 10:36:21,7079000,1,7059000.0,3346739.9438011795,47249274526.58505,7032000,7128000
43,2018-07-01 10:36:21,7079000,1,7059000.0,3346739.9438011795,47249274526.58505,7032000,7128000
44,2018-07-01 10:36:25,7076000,1,7057500.0,4297762.311666345,60662915029.17046,7032000,7128000
45,2018-07-01 10:36:25,7076000,1,7057500.0,4297762.311666345,60662915029.17046,7032000,7128000
46,2018-07-01 10:36:25,7076000,1,7057500.0,4297762.311666345,60662915029.17046,7032000,7128000
47,2018-07-01 10:36:29,7078000,1,7058000.0,6144942.91390197,86742014172.64021,7032000,7128000
48,2018-07-01 10:39:57,7076000,1,7059000.0,10097778.254913654,142560433402.87097,7030000,7122000
49,2018-07-01 10:40:03,7075000,1,7056500.0,4204862.092412207,59343218710.21348,7030000,7122000
50,2018-07-01 10:40:03,7075000,1,7056500.0,4204862.092412207,59343218710.21348,7030000,7122000
51,2018-07-01 10:40:12,7072000,1,7056000.0,8673679.697793592,122402967895.26317,7030000,7122000
52,2018-07-01 10:41:17,7080000,0,7061000.0,5180933.585182704,73165144089.95015,7035000,7134000
53,2018-07-01 10:41:17,7080000,0,7061000.0,5180933.585182704,73165144089.95015,7035000,7134000
54,2018-07-01 10:53:04,7092000,1,7074500.0,-76654.70953280572,-1084587485.1796682,7051000,7134000
55,2018-07-01 11:00:10,7089000,1,7077000.0,966219.838069126,13675875588.030409,7048000,7126000
56,2018-07-01 11:06:11,7083000,1,7067000.0,1883345.9577953443,26619211767.479397,7047000,7125000
57,2018-07-01 11:10:58,7090000,1,7071500.0,-368982.4143688921,-5218518286.419241,7045000,7130000
58,2018-07-01 11:10:59,7090000,1,7071500.0,-366108.21133599523,-5177868432.92498,7045000,7130000
59,2018-07-01 11:10:59,7090000,1,7071500.0,-366108.21133599523,-5177868432.92498,7045000,7130000
60,2018-07-01 11:10:59,7090000,1,7071500.0,-366108.21133599523,-5177868432.92498,7045000,7130000
61,2018-07-01 11:10:59,7090000,1,7071500.0,-366108.21133599523,-5177868432.92498,7045000,7130000
62,2018-07-01 11:19:30,7080000,1,7063000.0,2246682.6333238315,31736638878.332443,7035000,7128000
63,2018-07-01 11:20:27,7083000,1,7067500.0,1880715.646927638,26583915669.322163,7045000,7126000
64,2018-07-01 11:20:31,7081000,1,7066500.0,2024990.4015813302,28619189345.54894,7045000,7126000
65,2018-07-01 11:20:31,7081000,1,7066500.0,2024990.4015813302,28619189345.54894,7045000,7126000
66,2018-07-01 11:24:53,7077000,0,7059500.0,557426.1703331666,7870300098.93398,7039000,7114000
67,2018-07-01 11:26:33,7073000,0,7058000.0,3137997.4577598386,44295972113.737885,7039000,7126000
68,2018-07-01 11:26:37,7076000,0,7057500.0,1934410.7683622222,27304207995.43277,7039000,7126000
69,2018-07-01 11:26:54,7079000,0,7059500.0,1937968.1971460246,27362172975.50472,7040000,7126000
70,2018-07-01 11:27:26,7076000,0,7058000.0,1282238.8271858944,18100083284.556087,7040000,7114000
71,2018-07-01 11:29:24,7068000,0,7052500.0,1434412.0403467305,20232381829.090633,7030000,7111000
72,2018-07-01 11:29:54,7065000,0,7047500.0,56320.320606003515,793834918.9416196,7021000,7109000
73,2018-07-01 11:35:05,7071000,1,7057500.0,2199304.687438417,31043185663.19326,7035000,7114000
74,2018-07-01 12:00:34,7058000,1,7043500.0,3337353.3763579857,47013297012.754944,7021000,7108000
75,2018-07-01 12:10:50,7068000,1,7049500.0,3139157.2926705927,44258978669.362686,7021000,7114000
76,2018-07-01 12:10:51,7068000,1,7047500.0,2014688.1241605636,28397029110.043144,7027000,7114000
77,2018-07-01 12:12:37,7063000,1,7047000.0,4368509.14849182,61569767938.84371,7028000,7111000
78,2018-07-01 12:12:41,7063000,1,7046500.0,4958460.1356369145,69879578691.53104,7030000,7111000
79,2018-07-01 12:15:36,7077000,1,7064500.0,20639147.71459116,291610518059.4585,7044000,7123000
80,2018-07-01 12:15:42,7077000,1,7065000.0,19772636.35373326,279387351678.251,7043000,7123000
81,2018-07-01 12:15:43,7077000,1,7061500.0,17009881.382589146,240230554766.30655,7043000,7123000
82,2018-07-01 12:31:25,7084000,1,7072000.0,4870328.665346667,68885928642.66327,7054000,7126000
83,2018-07-01 12:52:25,7085000,1,7070000.0,1862212.4980954025,26331684723.06899,7053000,7114000
84,2018-07-01 12:52:25,7085000,1,7070000.0,1862212.4980954025,26331684723.06899,7053000,7114000
85,2018-07-01 12:53:23,7084000,1,7067000.0,1219209.7898833305,17232311170.210995,7049000,7114000
86,2018-07-01 12:53:23,7084000,1,7067000.0,1219209.7898833305,17232311170.210995,7049000,7114000
87,2018-07-01 12:53:23,7084000,1,7067000.0,1219209.7898833305,17232311170.210995,7049000,7114000
88,2018-07-01 12:58:39,7080000,1,7065500.0,1338140.562091371,18909264282.913166,7043000,7109000
89,2018-07-01 12:58:39,7080000,1,7065500.0,1338140.562091371,18909264282.913166,7043000,7109000
90,2018-07-01 12:58:39,7080000,1,7065500.0,1338140.562091371,18909264282.913166,7043000,7109000
91,2018-07-01 12:58:39,7080000,1,7065500.0,1338140.562091371,18909264282.913166,7043000,7109000
92,2018-07-01 12:58:45,7078000,1,7063500.0,1668065.5133941304,23564761507.71888,7043000,7109000
93,2018-07-01 12:58:45,7078000,1,7063500.0,1668065.5133941304,23564761507.71888,7043000,7109000
94,2018-07-01 12:58:45,7078000,1,7063500.0,1668065.5133941304,23564761507.71888,7043000,7109000
95,2018-07-01 12:58:45,7078000,1,7063500.0,1668065.5133941304,23564761507.71888,7043000,7109000
96,2018-07-01 12:58:45,7078000,1,7063500.0,1668065.5133941304,23564761507.71888,7043000,7109000
97,2018-07-01 14:32:02,7084000,0,7073500.0,11529962.807716914,163114383840.77118,7056000,7134000
98,2018-07-01 14:34:55,7083000,0,7069500.0,312683.84040766023,4421036819.523908,7056000,7121000
99,2018-07-01 14:46:28,7111000,0,7095000.0,-2266230.06768178,-32157804660.404457,7070000,7152000
100,2018-07-01 14:46:47,7110000,1,7091000.0,2351359.6198551655,33346982128.785957,7070000,7151000
101,2018-07-01 14:48:23,7129000,1,7109500.0,1346512.1943230573,19146056891.07955,7083000,7155000
102,2018-07-01 14:48:23,7129000,1,7109500.0,1346512.1943230573,19146056891.07955,7083000,7155000
103,2018-07-01 14:49:46,7109000,0,7098000.0,104209.77874614112,1479362019.0802195,7087000,7152000
104,2018-07-01 14:50:44,7113000,0,7101000.0,-2169972.65220422,-30817951606.604336,7089000,7150000
105,2018-07-01 14:50:50,7115000,0,7102000.0,-1627983.11232376,-23123872127.446686,7089000,7150000
106,2018-07-01 14:50:50,7115000,0,7102000.0,-1627983.11232376,-23123872127.446686,7089000,7150000
107,2018-07-01 14:50:54,7115000,0,7105500.0,-1991720.6862980453,-28304342672.98152,7096000,7150000
108,2018-07-01 14:53:00,7120000,0,7109500.0,-654223.6405149773,-9302405944.482462,7097000,7153000
109,2018-07-01 14:53:00,7120000,0,7109500.0,-654223.6405149773,-9302405944.482462,7097000,7153000
110,2018-07-01 14:56:29,7112000,1,7097000.0,-824516.6301467363,-11703189048.302774,7076000,7149000
111,2018-07-01 14:56:29,7112000,1,7097000.0,-824516.6301467363,-11703189048.302774,7076000,7149000
112,2018-07-01 14:59:50,7119000,1,7104000.0,230554.2705495227,3275715075.967619,7086000,7153000
113,2018-07-01 15:17:29,7119000,0,7099500.0,-2546794.6463202573,-36161937183.10133,7077000,7153000
114,2018-07-01 15:17:54,7116000,1,7098000.0,-1334387.3943017703,-18942963449.50793,7072000,7153000
115,2018-07-01 15:25:28,7107000,0,7092500.0,-2722928.122198822,-38624735413.39029,7078000,7151000
116,2018-07-01 15:33:26,7106000,1,7094500.0,4879551.140889041,69235951138.07462,7076000,7143000
117,2018-07-01 15:33:30,7105000,1,7094500.0,3934977.465090625,55833395252.17088,7076000,7143000
118,2018-07-01 15:38:33,7112000,0,7097000.0,1724307.686999295,24474823309.26799,7077000,7154000
119,2018-07-01 15:38:37,7115000,0,7096500.0,816778.6693268139,11592539653.75547,7077000,7154000
120,2018-07-01 15:38:37,7115000,0,7096500.0,816778.6693268139,11592539653.75547,7077000,7154000
121,2018-07-01 15:38:38,7115000,0,7099000.0,350462.7572707832,4975870227.730579,7077000,7154000
122,2018-07-01 15:38:41,7117000,0,7100000.0,383012.0892675854,5438771667.599713,7077000,7154000
123,2018-07-01 15:41:18,7116000,0,7098000.0,-407188.3586137155,-5780445938.880305,7080000,7153000
124,2018-07-01 15:43:00,7117000,0,7100000.0,-1455296.2196628265,-20665206319.21214,7080000,7151000
125,2018-07-01 15:45:53,7118000,1,7100000.0,1908007.3439175617,27093704283.629375,7078000,7149000
126,2018-07-01 15:48:33,7114000,1,7095500.0,-1905790.846064657,-27045077896.503548,7075000,7149000
127,2018-07-01 16:02:51,7108000,0,7094000.0,4766390.9444713,67625554720.158806,7077000,7143000
128,2018-07-01 16:08:25,7111000,1,7095000.0,4386610.459224708,62246002416.39861,7077000,7143000
129,2018-07-01 16:22:43,7121000,0,7104500.0,-1838690.424153395,-26125952236.79559,7088000,7154000
130,2018-07-01 16:22:43,7121000,0,7104500.0,-1838690.424153395,-26125952236.79559,7088000,7154000
131,2018-07-01 16:29:33,7124000,1,7106500.0,-2257602.837786115,-32087309133.454052,7083000,7148000
132,2018-07-01 18:26:49,7117000,0,7103000.0,2622621.4397678375,37256960173.3419,7087000,7141000
133,2018-07-01 18:31:24,7115000,1,7103500.0,21754748.098771967,309069706239.25336,7085000,7140000
134,2018-07-01 18:57:55,7079000,0,7071500.0,1017632.5347094992,14392376938.396448,7050000,7120000
135,2018-07-01 18:59:10,7082000,1,7068500.0,-2293869.377485865,-32428431389.51767,7053000,7116000
136,2018-07-01 19:01:51,7091000,0,7078000.0,26818235.71753724,379638944817.45715,7056000,7128000
137,2018-07-01 19:01:55,7093000,0,7079000.0,26993074.544757135,382167949404.6715,7056000,7128000
138,2018-07-01 19:02:00,7097000,0,7080500.0,25761016.484422218,364801754435.9031,7056000,7128000
139,2018-07-01 19:23:03,7094000,1,7081500.0,-303791.6302508712,-4302600859.243089,7063000,7118000
140,2018-07-01 19:48:57,7097000,0,7083000.0,16704427.657371733,236634922194.32797,7068000,7119000
141,2018-07-01 19:48:57,7097000,0,7083000.0,16704427.657371733,236634922194.32797,7068000,7119000
142,2018-07-01 19:48:57,7097000,0,7083000.0,16704427.657371733,236634922194.32797,7068000,7119000
143,2018-07-01 19:48:57,7097000,0,7083000.0,16704427.657371733,236634922194.32797,7068000,7119000
144,2018-07-01 19:48:58,7097000,0,7084000.0,32142166.78163913,455390218962.2632,7068000,7119000
145,2018-07-01 19:48:58,7097000,0,7084000.0,32142166.78163913,455390218962.2632,7068000,7119000
146,2018-07-01 19:48:58,7097000,0,7084000.0,32142166.78163913,455390218962.2632,7068000,7119000
147,2018-07-01 19:49:03,7098000,0,7083500.0,24025691.357626006,340371969463.4876,7069000,7119000
148,2018-07-01 19:49:59,7096000,1,7085000.0,30991790.99575165,439153678409.8009,7069000,7118000
149,2018-07-01 19:50:00,7096000,1,7084500.0,23271312.520433005,329731227102.01526,7069000,7118000
150,2018-07-01 19:59:21,7114000,1,7098500.0,5703121.075232387,80967209905.07419,7081000,7132000
151,2018-07-01 20:05:46,7100000,0,7090000.0,6697192.198925376,94966185380.76183,7080000,7129000
152,2018-07-01 20:12:00,7102000,1,7090500.0,12971094.511613794,183943091269.19522,7078000,7125000
153,2018-07-01 22:10:38,7076000,0,7065500.0,-4063749.0178360464,-57424837371.04117,7054000,7103000
154,2018-07-01 23:27:40,7067000,1,7056500.0,-1339577.0831985353,-18905451375.180927,7038000,7101000
155,2018-07-01 23:27:45,7064000,1,7053500.0,-3101678.0723770615,-43755372567.02321,7038000,7101000
156,2018-07-01 23:36:57,7009000,0,7000500.0,-1639723.0059459936,-22957761806.24986,6990000,7057000
157,2018-07-01 23:37:25,7019000,0,7006000.0,2251621.268825816,31549717218.787334,6991000,7057000
158,2018-07-01 23:37:35,7012000,0,7002000.0,1174362.6395270843,16445774403.93729,6991000,7055000
159,2018-07-01 23:37:39,7019000,0,7006000.0,2283513.2400728,31996587519.90007,6991000,7055000
160,2018-07-01 23:39:21,7029000,0,7014000.0,-1401186.6813615086,-19655846766.139244,6993000,7084000
161,2018-07-01 23:39:25,7030000,0,7012500.0,691297.1285115071,9695442227.373886,6993000,7084000
162,2018-07-01 23:40:46,7023000,1,7011000.0,-1047570.0597118596,-14689027377.279696,6992000,7066000
163,2018-07-01 23:42:14,7023000,0,7011500.0,-2070676.8654493364,-29037101684.19604,7000000,7075000
164,2018-07-01 23:42:14,7023000,0,7011500.0,-2070676.8654493364,-29037101684.19604,7000000,7075000
165,2018-07-01 23:42:44,7028000,0,7014000.0,-1357775.169411743,-19046870076.50793,7000000,7086000
166,2018-07-01 23:42:44,7028000,0,7014000.0,-1357775.169411743,-19046870076.50793,7000000,7086000
167,2018-07-01 23:42:48,7034000,0,7027500.0,-2281066.487078553,-32060389475.889065,7000000,7086000
168,2018-07-01 23:42:52,7036000,0,7018000.0,-1936500.77116796,-27180724824.113487,7000000,7086000
169,2018-07-01 23:44:53,7038000,1,7022500.0,-2881764.1693980675,-40474377759.19586,7000000,7078000
170,2018-07-01 23:44:53,7038000,1,7022500.0,-2881764.1693980675,-40474377759.19586,7000000,7078000
171,2018-07-01 23:45:32,7044000,1,7023000.0,-2875523.918231404,-40389608955.4783,7000000,7077000
172,2018-07-01 23:46:01,7040000,1,7023000.0,-2049213.8435076578,-28783257645.908558,7000000,7077000
173,2018-07-01 23:52:57,7030000,0,7016000.0,-346628.6311506219,-4863892952.305527,7000000,7083000
174,2018-07-02 00:00:22,7018000,1,7009000.0,3174736.0010761376,44503449263.0853,6998000,7061000
175,2018-07-02 00:00:39,7019000,0,7009000.0,-1267125.9200872807,-17762571147.7835,6999000,7061000
176,2018-07-02 00:01:16,7023000,0,7011000.0,-679866.2296236707,-9533084271.783112,6995000,7071000
177,2018-07-02 00:01:16,7023000,0,7011000.0,-679866.2296236707,-9533084271.783112,6995000,7071000
178,2018-07-02 00:01:16,7023000,0,7011000.0,-679866.2296236707,-9533084271.783112,6995000,7071000
179,2018-07-02 00:05:41,7017000,0,7008500.0,-2535772.661402493,-35543925394.87874,7000000,7077000
180,2018-07-02 00:39:09,7000000,1,6988000.0,-978893.4282651804,-13681014553.434162,6969000,7042000
181,2018-07-02 00:39:09,7000000,1,6988000.0,-978893.4282651804,-13681014553.434162,6969000,7042000
182,2018-07-02 00:39:09,7000000,1,6988000.0,-978893.4282651804,-13681014553.434162,6969000,7042000
183,2018-07-02 00:39:09,7000000,1,6988000.0,-978893.4282651804,-13681014553.434162,6969000,7042000
184,2018-07-02 00:39:09,7000000,1,6988000.0,-978893.4282651804,-13681014553.434162,6969000,7042000
185,2018-07-02 00:39:09,7000000,1,6988000.0,-978893.4282651804,-13681014553.434162,6969000,7042000
186,2018-07-02 00:39:09,7000000,1,6988000.0,-978893.4282651804,-13681014553.434162,6969000,7042000
187,2018-07-02 00:39:09,7000000,1,6988000.0,-978893.4282651804,-13681014553.434162,6969000,7042000
188,2018-07-02 00:39:10,7000000,1,6988000.0,-791191.5127097582,-11057692581.631582,6969000,7042000
189,2018-07-02 00:39:10,7000000,1,6988000.0,-791191.5127097582,-11057692581.631582,6969000,7042000
190,2018-07-02 00:39:14,6999000,1,6986500.0,215605.21318605263,3012651643.8487134,6969000,7036000
191,2018-07-02 00:39:15,6999000,1,6986500.0,217747.65794505738,3042588024.4662867,6969000,7036000
192,2018-07-02 00:39:15,6999000,1,6986500.0,217747.65794505738,3042588024.4662867,6969000,7036000
193,2018-07-02 00:39:15,6999000,1,6986500.0,217747.65794505738,3042588024.4662867,6969000,7036000
194,2018-07-02 00:39:15,6999000,1,6986500.0,217747.65794505738,3042588024.4662867,6969000,7036000
195,2018-07-02 00:39:18,6998000,1,6986500.0,87406.04534757882,1221324671.6417189,6969000,7035000
196,2018-07-02 00:44:31,6990000,1,6975500.0,-1926407.658491822,-26875313243.61941,6962000,7044000
197,2018-07-02 00:45:45,6993000,1,6980000.0,70665.72289628256,986493491.6321045,6960000,7045000
198,2018-07-02 00:53:38,6991000,0,6977500.0,-1859906.3589198543,-25954993238.726566,6965000,7045000
199,2018-07-02 00:53:38,6991000,0,6977500.0,-1859906.3589198543,-25954993238.726566,6965000,7045000
200,2018-07-02 00:55:35,6994000,0,6981500.0,43410.14427933004,606135844.5722854,6969000,7048000
201,2018-07-02 00:56:47,6997000,0,6983000.0,276553.9621803984,3862352635.8114443,6969000,7048000
202,2018-07-02 00:58:42,7025000,1,7005500.0,-1001189.459750168,-14027665520.559605,6983000,7056000
203,2018-07-02 01:00:40,7015000,1,6999500.0,-1268020.7064623395,-17751021869.766293,6980000,7058000
204,2018-07-02 01:00:40,7015000,1,6999500.0,-1268020.7064623395,-17751021869.766293,6980000,7058000
205,2018-07-02 01:00:53,7016000,1,6998500.0,173518.03411856573,2428731923.5575647,6980000,7058000
206,2018-07-02 01:02:49,7018000,0,7001500.0,-1820653.1960438238,-25494606704.201668,6985000,7056000
207,2018-07-02 01:02:49,7019000,0,7001500.0,-1820653.1960438238,-25494606704.201668,6985000,7056000
208,2018-07-02 01:02:53,7018000,0,7001500.0,-1323281.0527294679,-18529904581.37074,6985000,7056000
209,2018-07-02 01:02:53,7018000,0,7001500.0,-1323281.0527294679,-18529904581.37074,6985000,7056000
210,2018-07-02 01:03:23,7020000,0,7004500.0,-698695.3362917071,-9788022966.110525,6989000,7056000
211,2018-07-02 01:03:51,7018000,0,7004500.0,3436907.6134994477,48147638757.51376,6989000,7055000
212,2018-07-02 01:04:13,7018000,0,7009500.0,3153946.2701044288,44215172760.59399,6990000,7056000
213,2018-07-02 01:04:13,7018000,0,7009500.0,3153946.2701044288,44215172760.59399,6990000,7056000
214,2018-07-02 01:05:02,7027000,1,7010000.0,4319690.538091052,60562061344.03655,6991000,7056000
215,2018-07-02 01:11:37,7019000,0,7004000.0,324686.2832700163,4548205456.046389,6989000,7053000
216,2018-07-02 01:18:12,7017000,1,7003500.0,991025.5252717277,13881294532.48109,6981000,7052000
217,2018-07-02 01:18:37,7017000,1,7001000.0,-265055.2017856464,-3711302935.4026203,6981000,7052000
218,2018-07-02 01:55:27,7009000,1,6995000.0,-1758112.707071581,-24595996771.931416,6981000,7048000
219,2018-07-02 01:56:59,7009000,1,6997000.0,-1148598.1454487192,-16073482447.409376,6980000,7048000
220,2018-07-02 02:18:48,7030000,1,7017500.0,-3730982.9574026237,-52364345807.14583,7000000,7053000
221,2018-07-02 02:19:13,7029000,1,7016000.0,-3372600.714413549,-47324333224.65092,7000000,7053000
222,2018-07-02 02:39:17,7037000,0,7022000.0,14682826.446791705,206205614618.7427,7003000,7061000
223,2018-07-02 02:42:22,7033000,0,7018500.0,22479415.558683615,315543556197.24194,7003000,7063000
224,2018-07-02 02:47:17,7042000,0,7035000.0,16734910.464030232,235460190228.90536,7011000,7071000
225,2018-07-02 02:51:12,7043000,1,7026500.0,37630193.25596899,528817105826.1322,7005000,7070000
226,2018-07-02 02:51:16,7045000,1,7028000.0,23577648.22748332,331407423485.50555,7005000,7070000
227,2018-07-02 04:26:13,7013000,0,7002500.0,151190.73308588658,2117426216.8678417,6990000,7048000
228,2018-07-02 04:26:17,7013000,0,7003000.0,891144.3002510909,12481367069.31678,6990000,7048000
229,2018-07-02 04:27:33,7012000,0,7002000.0,-2073366.0616152836,-29035418326.860435,6990000,7049000
230,2018-07-02 04:39:34,7031000,1,7013500.0,-1688205.0733254077,-23680452563.535496,6996000,7052000
231,2018-07-02 04:42:49,7032000,1,7015500.0,-663069.4017555844,-9303526776.032604,6997000,7053000
232,2018-07-02 04:45:27,7031000,1,7016500.0,-258855.77370006498,-3632523072.3330116,6997000,7055000
233,2018-07-02 04:45:27,7031000,1,7016500.0,-258855.77370006498,-3632523072.3330116,6997000,7055000
234,2018-07-02 04:50:13,7027000,1,7013500.0,-656528.7972595021,-9209129439.159037,6992000,7053000
235,2018-07-02 04:50:14,7027000,1,7013500.0,-658537.4027503487,-9237304148.37914,6992000,7053000
236,2018-07-02 04:50:17,7027000,1,7013000.0,-772902.8334059231,-10840735141.351479,6992000,7053000
237,2018-07-02 04:50:22,7020000,1,7009500.0,-1476023.3057904635,-20692370723.876507,6992000,7052000
238,2018-07-02 04:50:26,7020000,1,7009000.0,-1580528.086778162,-22155842720.456276,6992000,7052000
239,2018-07-02 04:50:30,7019000,1,7009000.0,-953244.4049065607,-13362580067.980167,6992000,7052000
240,2018-07-02 04:50:30,7019000,1,7009000.0,-953244.4049065607,-13362580067.980167,6992000,7052000
241,2018-07-02 04:50:30,7019000,1,7009000.0,-953244.4049065607,-13362580067.980167,6992000,7052000
242,2018-07-02 04:52:22,7023000,1,7011000.0,-1301256.804905882,-18246222918.390278,6993000,7051000
243,2018-07-02 04:52:23,7023000,1,7008000.0,-1729904.8546497328,-24246346442.770657,6993000,7051000
244,2018-07-02 04:53:36,7024000,1,7010000.0,-1022138.5106639601,-14330381919.50872,6993000,7051000
245,2018-07-02 04:56:23,7020000,1,7006500.0,-1834515.0313248988,-25707059133.95581,6993000,7051000
246,2018-07-02 04:57:19,7023000,1,7009000.0,-1397342.4108750923,-19587945915.647045,6993000,7052000
247,2018-07-02 05:03:06,7023000,0,7014000.0,-767590.5061176578,-10767759619.818504,6996000,7053000
248,2018-07-02 05:12:16,7023000,1,7011000.0,458219.8994054701,6425159429.463502,6995000,7050000
249,2018-07-02 05:12:16,7023000,1,7011000.0,458219.8994054701,6425159429.463502,6995000,7050000
250,2018-07-02 05:12:16,7023000,1,7011000.0,458219.8994054701,6425159429.463502,6995000,7050000
251,2018-07-02 05:17:51,7022000,1,7011500.0,-1278238.533867063,-17924738960.417828,6994000,7052000
252,2018-07-02 05:17:52,7022000,1,7011000.0,-1348514.5697534485,-18908871297.082855,6994000,7052000
253,2018-07-02 05:30:30,7080000,0,7053000.0,-252291.9191968646,-3558829812.190972,7024000,7129000
254,2018-07-02 05:30:38,7093000,1,7070000.0,-1337083.761462409,-18906364387.078465,7023000,7130000
255,2018-07-02 05:38:03,7076000,0,7049000.0,-2958702.2276658607,-41711784005.63331,7020000,7130000
256,2018-07-02 05:38:03,7076000,0,7049000.0,-2958702.2276658607,-41711784005.63331,7020000,7130000
257,2018-07-02 05:39:36,7096000,0,7071000.0,746029.254017638,10550345710.317438,7030000,7135000
258,2018-07-02 05:40:07,7099000,1,7073000.0,155093.77379010897,2193956524.0348816,7023000,7133000
259,2018-07-02 05:41:08,7088000,1,7063500.0,-1890373.6006029472,-26705307855.717834,7027000,7130000
260,2018-07-02 05:45:27,7077000,0,7046000.0,-1904753.377105141,-26841784590.165646,7015000,7129000
261,2018-07-02 05:45:37,7084000,0,7054000.0,-783613.3604935948,-11055217289.843636,7021000,7132000
262,2018-07-02 05:47:19,7073000,1,7049000.0,-926907.3376234202,-13067539645.814978,7017000,7117000
263,2018-07-02 06:01:49,7065000,0,7042500.0,203544.7796456199,2866928221.3085566,7021000,7117000
264,2018-07-02 06:02:23,7066000,1,7047500.0,-190807.39386809058,-2689430216.570737,7021000,7118000
265,2018-07-02 06:02:23,7066000,1,7047500.0,-190807.39386809058,-2689430216.570737,7021000,7118000
266,2018-07-02 06:07:32,7048000,0,7026000.0,-1943459.2251912896,-27309489032.388,7004000,7115000
267,2018-07-02 06:07:48,7058000,0,7036500.0,-2097244.916925543,-29514527715.893166,7011000,7117000
268,2018-07-02 06:08:46,7064000,0,7042500.0,-352600.38877420686,-4966376475.884704,7015000,7114000
269,2018-07-02 06:09:43,7063000,1,7044000.0,-792156.0917522768,-11159895020.606075,7015000,7110000
270,2018-07-02 06:11:03,7063000,0,7043500.0,-1384512.4565051002,-19503626974.78735,7022000,7114000
271,2018-07-02 06:16:33,7068000,0,7047000.0,129688.81954178121,1827834222.6218643,7026000,7110000
272,2018-07-02 06:23:58,7066000,1,7046500.0,-2335370.2744370364,-32912373277.64115,7021000,7108000
273,2018-07-02 06:27:48,7061000,1,7044500.0,-2131502.3106106194,-30030736054.19302,7012000,7109000
274,2018-07-02 06:27:48,7061000,1,7044500.0,-2131502.3106106194,-30030736054.19302,7012000,7109000
275,2018-07-02 06:27:49,7061000,1,7039500.0,-3692513.928074528,-51986903593.36128,7012000,7109000
276,2018-07-02 06:27:52,7060000,1,7042500.0,-3766080.045883189,-53045237446.26472,7012000,7109000
277,2018-07-02 06:28:38,7065000,0,7044500.0,3066004.5421145,43196937993.85119,7021000,7118000
278,2018-07-02 06:28:42,7067000,0,7045500.0,-792466.0150757013,-11166638618.431707,7021000,7118000
279,2018-07-02 06:29:54,7070000,0,7049000.0,-1896701.1446004575,-26739692736.57725,7015000,7117000
280,2018-07-02 06:30:39,7071000,1,7049500.0,-2080562.4351062784,-29333849772.56342,7021000,7118000
281,2018-07-02 06:34:04,7069000,0,7047500.0,1669363.9702670556,23529685160.914146,7028000,7114000
282,2018-07-02 06:36:44,7078000,0,7062500.0,-386417.13564259186,-5458142040.95161,7040000,7120000
283,2018-07-02 06:36:44,7078000,0,7062500.0,-386417.13564259186,-5458142040.95161,7040000,7120000
284,2018-07-02 06:36:48,7079000,0,7059500.0,-522310.23717064876,-7374498238.61239,7040000,7120000
285,2018-07-02 06:39:07,7083000,1,7064000.0,-28861.500509156846,-407755279.19336796,7040000,7118000
286,2018-07-02 09:01:23,7077000,0,7059000.0,5691663.198722016,80354901039.55742,7033000,7111000
287,2018-07-02 09:02:35,7080000,1,7060500.0,3242442.871890301,45786535793.96294,7032000,7111000
288,2018-07-02 09:02:42,7075000,1,7056500.0,-1038799.8910277709,-14660582862.07493,7032000,7111000
289,2018-07-02 09:06:28,7056000,0,7035500.0,1797969.9386492763,25299235006.733967,7010000,7100000
290,2018-07-02 09:10:23,7057000,0,7040500.0,-1423084.4970125249,-20038452802.433365,7010000,7105000
291,2018-07-02 09:13:51,7063000,0,7046000.0,-958184.7856348185,-13502739999.165861,7030000,7117000
292,2018-07-02 09:14:14,7067000,0,7049500.0,2567768.7478166036,36202971575.46629,7030000,7118000
293,2018-07-02 09:14:18,7072000,0,7052500.0,5208323.647732951,73463405051.27327,7030000,7118000
294,2018-07-02 09:14:56,7072000,0,7056000.0,6719820.023370735,94830100169.80782,7032000,7111000
295,2018-07-02 09:17:09,7070000,0,7051500.0,3271165.0011030734,46133240010.55664,7033000,7111000
296,2018-07-02 09:17:42,7073000,0,7057500.0,2827369.099753704,39908314843.02354,7034000,7111000
297,2018-07-02 09:17:42,7073000,0,7057500.0,2827369.099753704,39908314843.02354,7034000,7111000
298,2018-07-02 09:18:33,7076000,0,7060500.0,11496983.96037567,162348910504.46484,7042000,7112000
299,2018-07-02 09:18:34,7076000,0,7060500.0,11410869.482792389,161132887966.51132,7042000,7112000
300,2018-07-02 09:18:41,7076000,0,7060500.0,14257256.094018694,201326713303.63797,7045000,7112000
301,2018-07-02 09:18:41,7076000,0,7060500.0,14257256.094018694,201326713303.63797,7045000,7112000
302,2018-07-02 09:22:10,7064000,1,7050000.0,8584724.091280114,121044609687.0496,7029000,7105000
303,2018-07-02 09:25:37,7064000,0,7047000.0,1450966.8993542902,20449927479.499367,7029000,7104000
304,2018-07-02 09:26:27,7052000,1,7035500.0,3353165.181784207,47182387272.88558,7010000,7097000
305,2018-07-02 09:27:37,7047000,1,7033000.0,-3111742.283132056,-43769766954.5355,7000000,7096000
306,2018-07-02 09:27:37,7047000,1,7033000.0,-3111742.283132056,-43769766954.5355,7000000,7096000
307,2018-07-02 09:27:37,7047000,1,7033000.0,-3111742.283132056,-43769766954.5355,7000000,7096000
308,2018-07-02 09:27:41,7046000,1,7032000.0,-3057741.6581785902,-43004078680.62369,7000000,7097000
309,2018-07-02 09:31:28,7046000,1,7032000.0,-2757153.165431232,-38776602118.62485,7010000,7096000
310,2018-07-02 09:31:28,7046000,1,7032000.0,-2757153.165431232,-38776602118.62485,7010000,7096000
311,2018-07-02 09:34:39,7044000,0,7027000.0,-943457.7799873771,-13259355639.942598,7010000,7091000
312,2018-07-02 09:35:12,7045000,0,7031500.0,-1523928.235216272,-21431002771.84643,7004000,7093000
313,2018-07-02 09:35:16,7045000,0,7031500.0,-2611864.877641555,-36730655774.273186,7004000,7093000
314,2018-07-02 09:35:20,7047000,0,7032000.0,-2431013.080108084,-34189767958.640087,7004000,7093000
315,2018-07-02 09:35:20,7047000,0,7032000.0,-2431013.080108084,-34189767958.640087,7004000,7093000
316,2018-07-02 09:35:21,7047000,0,7032500.0,-2474451.8388440087,-34803165113.34098,7004000,7093000
317,2018-07-02 09:41:14,7044000,0,7024000.0,-437204.226537602,-6141844974.400233,7002000,7093000
318,2018-07-02 09:41:14,7044000,0,7024000.0,-437204.226537602,-6141844974.400233,7002000,7093000
319,2018-07-02 09:42:57,7038000,0,7019000.0,-1848412.846895935,-25948019544.725136,6999000,7085000
320,2018-07-02 09:46:48,7029000,1,7013000.0,-2431985.824377007,-34111033172.7119,6994000,7077000
321,2018-07-02 09:53:17,7042000,0,7027500.0,-930161.674508146,-13073422335.211992,7005000,7098000
322,2018-07-02 09:57:48,7045000,1,7030500.0,-1974329.8439807435,-27761051936.213234,7005000,7072000
323,2018-07-02 10:11:23,7049000,0,7032000.0,963681.4349461263,13553215701.08232,7013000,7109000
324,2018-07-02 10:11:27,7042000,0,7031500.0,1609584.2020757105,22635582633.790718,7013000,7109000
325,2018-07-02 10:11:31,7050000,0,7032500.0,1583045.2465350423,22265531392.51537,7015000,7109000
326,2018-07-02 10:11:31,7050000,0,7032500.0,1583045.2465350423,22265531392.51537,7015000,7109000
327,2018-07-02 10:11:35,7050000,0,7033500.0,1552809.887517972,21843376687.71531,7015000,7105000
328,2018-07-02 10:11:39,7050000,0,7033500.0,-396279.2063625064,-5574459595.901378,7015000,7105000
329,2018-07-02 10:34:27,7047000,1,7034500.0,-1143682.8661172995,-16090474243.404285,7005000,7094000
330,2018-07-02 10:34:27,7047000,1,7034500.0,-1143682.8661172995,-16090474243.404285,7005000,7094000
331,2018-07-02 10:35:58,7053000,1,7036500.0,-1523978.3645462496,-21446947524.259373,7015000,7100000
332,2018-07-02 10:39:54,7053000,1,7038000.0,-2583816.9708603714,-36369807681.83059,7013000,7099000
333,2018-07-02 10:41:12,7047000,1,7034500.0,-1549556.4772408195,-21800710078.30109,7012000,7090000
334,2018-07-02 10:41:38,7051000,1,7035000.0,-1257040.7137689264,-17686562842.728794,7012000,7089000
335,2018-07-02 10:41:43,7044000,1,7032000.0,-981838.7974930136,-13808580847.941742,7005000,7089000
336,2018-07-02 10:41:54,7044000,1,7033500.0,-1548034.8466149252,-21776206187.332153,7005000,7089000
337,2018-07-02 10:41:54,7044000,1,7033500.0,-1548034.8466149252,-21776206187.332153,7005000,7089000
338,2018-07-02 10:41:54,7044000,1,7033500.0,-1548034.8466149252,-21776206187.332153,7005000,7089000
339,2018-07-02 10:42:58,7038000,1,7030000.0,-693833.0794767169,-9755293097.44264,7012000,7088000
340,2018-07-02 10:42:58,7038000,1,7030000.0,-693833.0794767169,-9755293097.44264,7012000,7088000
341,2018-07-02 10:43:55,7036000,1,7025000.0,-1192863.5861786762,-16759733385.810402,7005000,7086000
342,2018-07-02 10:47:41,7048000,0,7033000.0,-1384159.4823507136,-19469587278.74514,7015000,7101000
343,2018-07-02 10:50:47,7044000,0,7032000.0,-1549001.0350845652,-21785150557.429325,7015000,7090000
344,2018-07-02 11:01:38,7046000,0,7034000.0,-1654161.5896757292,-23270745243.55816,7015000,7092000
345,2018-07-02 11:01:38,7046000,0,7034000.0,-1654161.5896757292,-23270745243.55816,7015000,7092000
346,2018-07-02 11:03:13,7049000,0,7034500.0,-2152722.8717174707,-30286658082.193096,7017000,7095000
347,2018-07-02 11:03:13,7049000,0,7034500.0,-2152722.8717174707,-30286658082.193096,7017000,7095000
348,2018-07-02 11:03:49,7050000,0,7036000.0,-1045688.919305901,-14714934472.47264,7020000,7098000
349,2018-07-02 11:15:10,7049000,0,7035000.0,-19355.75783505384,-272335512.7392075,7021000,7091000
350,2018-07-02 11:25:07,7052000,1,7037000.0,-154235.52233400196,-2170710741.3287435,7021000,7088000
351,2018-07-02 12:43:51,7053000,0,7040500.0,2136821.114287257,30088578110.27887,7026000,7080000
352,2018-07-02 13:01:38,7056000,1,7044000.0,7550955.251819344,106377857587.63092,7030000,7082000
353,2018-07-02 13:07:12,7053000,1,7041000.0,1502700.1973425318,21161024178.97753,7022000,7077000
354,2018-07-02 13:39:23,7008000,0,6999000.0,-13099.793805388734,-183370913.6878315,6990000,7051000
355,2018-07-02 13:39:28,7008000,0,6999000.0,325011.1992756082,4549506767.459964,6990000,7053000
356,2018-07-02 13:41:57,7012000,1,7001500.0,618502.1777946865,8660885995.658995,6990000,7048000
357,2018-07-02 13:45:33,7017000,1,7005500.0,-1541475.7640851736,-21597616930.59737,6990000,7051000
358,2018-07-02 13:48:30,7016000,0,7005000.0,-2330979.040368464,-32657016355.562176,6993000,7052000
359,2018-07-02 13:54:28,7021000,1,7011000.0,-3042413.8311376637,-42660726740.21232,7000000,7055000
360,2018-07-02 14:03:24,7014000,1,7004500.0,-2772924.4250211073,-38845898270.12069,6993000,7052000
361,2018-07-02 14:56:19,7016000,0,7007500.0,-790765.8201581165,-11082582969.516003,7000000,7047000
362,2018-07-02 14:56:19,7016000,0,7007500.0,-790765.8201581165,-11082582969.516003,7000000,7047000
363,2018-07-02 14:56:20,7016000,0,7008000.0,-2175253.5045471005,-30488353119.73216,7000000,7047000
364,2018-07-02 15:11:08,7004000,0,6997000.0,-3822530.3813212826,-53492490156.21003,6990000,7026000
365,2018-07-02 15:11:35,7004000,1,6997500.0,-1578581.3879596498,-22092246524.4953,6990000,7028000
366,2018-07-02 15:11:36,7004000,1,6997000.0,-1375627.6447363934,-19250533260.44109,6990000,7031000
367,2018-07-02 15:13:55,7006000,1,6998500.0,-2191000.9693076983,-30667440567.399853,6990000,7035000
368,2018-07-02 15:16:11,7002000,1,6996000.0,-1469669.1317819813,-20563610491.893482,6990000,7031000
369,2018-07-02 15:17:32,6999000,1,6987500.0,293317.50529115833,4099112136.443938,6970000,7026000
370,2018-07-02 15:17:36,6997000,1,6986500.0,-384755.31167268474,-5376185970.002424,6970000,7026000
371,2018-07-02 15:17:36,6997000,1,6986500.0,-384755.31167268474,-5376185970.002424,6970000,7026000
372,2018-07-02 15:17:36,6997000,1,6986500.0,-384755.31167268474,-5376185970.002424,6970000,7026000
373,2018-07-02 15:17:36,6997000,1,6986500.0,-384755.31167268474,-5376185970.002424,6970000,7026000
374,2018-07-02 15:19:24,7001000,0,6988000.0,182720.71876992658,2553704765.528494,6974000,7032000
375,2018-07-02 15:20:22,6996000,1,6983500.0,1757994.622332437,24553910890.11715,6969000,7032000
376,2018-07-02 15:20:23,6996000,1,6983500.0,1753331.6839351393,24488783629.52209,6969000,7032000
377,2018-07-02 15:50:00,7031000,0,7012500.0,21487364.667990323,301360289468.56433,6990000,7061000
378,2018-07-02 15:50:00,7031000,0,7012500.0,21487364.667990323,301360289468.56433,6990000,7061000
379,2018-07-02 15:50:00,7031000,0,7012500.0,21487364.667990323,301360289468.56433,6990000,7061000
380,2018-07-02 15:50:04,7032000,0,7015000.0,17564528.48864683,246430334695.71506,6990000,7061000
381,2018-07-02 15:50:21,7024000,0,7013500.0,4455110.013074335,62491828153.3937,6991000,7061000
382,2018-07-02 15:54:45,7031000,1,7014000.0,12270965.766244195,172137107768.87357,6996000,7055000
383,2018-07-02 15:55:12,7030000,1,7013000.0,8697184.027026134,121986703163.06856,6995000,7055000
384,2018-07-02 16:01:12,7021000,1,7006000.0,337853.4982499322,4734003217.47805,6986000,7052000
385,2018-07-02 16:01:12,7021000,1,7006000.0,337853.4982499322,4734003217.47805,6986000,7052000
386,2018-07-02 16:01:17,7020000,1,7006500.0,69912.43967041094,979683017.1014684,6986000,7052000
387,2018-07-02 16:16:22,7030000,0,7012500.0,2500493.8592206948,35069426375.570244,6992000,7079000
388,2018-07-02 16:16:22,7030000,0,7012500.0,2500493.8592206948,35069426375.570244,6992000,7079000
389,2018-07-02 16:18:02,7032000,1,7016000.0,2554797.9626449123,35848925011.83341,6993000,7063000
390,2018-07-02 16:31:04,7047000,1,7032000.0,14107753.319418304,198411442684.299,7002000,7073000
391,2018-07-02 16:38:21,7044000,1,7030500.0,15211419.104410026,213887764027.10938,7017000,7067000
392,2018-07-02 16:48:44,7040000,1,7022500.0,11659959.053128943,163764124901.196,7002000,7062000
393,2018-07-02 16:57:00,7053000,0,7036000.0,9585363.610221107,134885236723.03143,7019000,7079000
394,2018-07-02 16:59:01,7063000,1,7049500.0,10615454.901112285,149667298650.7821,7032000,7099000
395,2018-07-02 16:59:20,7067000,1,7051000.0,18434086.581031792,259957488965.71033,7030000,7099000
396,2018-07-02 16:59:47,7058000,1,7046500.0,9174730.066250732,129299470823.67159,7029000,7092000
397,2018-07-02 17:02:21,7058000,1,7047000.0,11092425.281814922,156336641921.8995,7031000,7090000
398,2018-07-02 17:03:03,7055000,0,7043000.0,6500991.202662289,91572962080.70102,7030000,7096000
399,2018-07-02 17:08:58,7068000,1,7053000.0,9822060.933176175,138549991523.38312,7031000,7105000
400,2018-07-02 17:29:47,7056000,0,7045500.0,10791577.015187863,152064111721.0122,7032000,7089000
401,2018-07-02 17:39:11,7060000,1,7047500.0,6460588.426824842,91061993876.09615,7030000,7098000
402,2018-07-02 17:43:13,7058000,1,7045500.0,5484470.33987629,77281671559.19681,7031000,7081000
403,2018-07-02 19:22:32,7049000,0,7039500.0,6003879.172942076,84528614875.85149,7027000,7080000
404,2018-07-02 19:24:36,7056000,1,7045000.0,10390262.917964332,146398804514.11743,7027000,7090000
405,2018-07-02 19:24:55,7059000,1,7044000.0,9037427.121374907,127319273285.92969,7027000,7088000
406,2018-07-02 19:24:59,7053000,1,7046000.0,9559334.586787757,134710142997.01306,7027000,7088000
407,2018-07-02 19:24:59,7053000,1,7046000.0,9559334.586787757,134710142997.01306,7027000,7088000
408,2018-07-02 19:25:04,7052000,1,7044500.0,9188515.531937294,129456995329.46452,7029000,7088000
409,2018-07-02 19:25:16,7059000,1,7045500.0,6284966.586038288,88561464163.86551,7029000,7086000
410,2018-07-02 19:26:21,7058000,1,7045000.0,8052703.167792426,113462587634.1953,7030000,7088000
411,2018-07-02 19:32:13,7058000,1,7046000.0,9507537.778865397,133980222379.77118,7032000,7090000
412,2018-07-02 19:43:57,7066000,1,7053000.0,13356789.42989514,188410871698.10083,7033000,7089000
413,2018-07-02 19:58:24,7053000,1,7044000.0,-19965.137882350944,-281268862.4865601,7030000,7081000
414,2018-07-02 19:58:24,7053000,1,7044000.0,-19965.137882350944,-281268862.4865601,7030000,7081000
415,2018-07-02 19:58:24,7053000,1,7044000.0,-19965.137882350944,-281268862.4865601,7030000,7081000
416,2018-07-02 20:07:59,7057000,1,7045500.0,1164349.3798698746,16406847111.746403,7030000,7080000
417,2018-07-02 20:07:59,7057000,1,7045500.0,1164349.3798698746,16406847111.746403,7030000,7080000
418,2018-07-02 20:17:03,7062000,1,7052000.0,8666762.48265865,122236018055.4176,7032000,7090000
419,2018-07-02 21:13:50,7049000,0,7034000.0,3920276.4832221046,55150449565.96857,7017000,7074000
420,2018-07-02 21:13:51,7049000,0,7034000.0,3908192.505754836,54980452170.95903,7017000,7074000
421,2018-07-02 21:13:51,7049000,0,7034000.0,3908192.505754836,54980452170.95903,7017000,7074000
422,2018-07-02 21:16:03,7051000,0,7042000.0,-734252.5067726951,-10341212305.386639,7023000,7077000
423,2018-07-02 21:19:14,7056000,1,7043000.0,4179848.722860858,58877349110.21805,7029000,7077000
424,2018-07-02 22:05:21,7064000,1,7049500.0,-485584.2200785186,-6846251918.887034,7027000,7086000
425,2018-07-02 22:18:36,7085000,0,7064500.0,131135.84291716758,1852818324.5766609,7043000,7125000
426,2018-07-02 22:24:31,7099000,1,7083500.0,6750330.686935395,95631934841.81375,7055000,7140000
427,2018-07-02 22:24:32,7099000,1,7077000.0,6208553.514033722,87875866437.6333,7055000,7140000
428,2018-07-02 22:24:33,7099000,1,7082000.0,6043221.1968589295,85596185032.30989,7055000,7140000
429,2018-07-02 22:24:33,7099000,1,7082000.0,6043221.1968589295,85596185032.30989,7055000,7140000
430,2018-07-02 22:27:33,7125000,0,7106500.0,-651706.3472289359,-9262702313.164865,7088000,7177000
431,2018-07-02 22:28:32,7178000,1,7142500.0,-2158910.207418548,-30840032312.973957,7086000,7200000
432,2018-07-02 22:28:36,7177000,1,7134500.0,34062589.90260716,486039095320.3015,7086000,7216000
433,2018-07-02 22:28:36,7177000,1,7134500.0,34062589.90260716,486039095320.3015,7086000,7216000
434,2018-07-02 22:28:36,7177000,1,7134500.0,34062589.90260716,486039095320.3015,7086000,7216000
435,2018-07-02 22:29:57,7248000,1,7224000.0,-2380385.6004465623,-34391811155.25193,7180000,7294000
436,2018-07-02 22:30:25,7251000,0,7225000.0,-458814.041179589,-6629862895.045061,7199000,7298000
437,2018-07-02 22:30:28,7254000,0,7227000.0,-764385.8455877462,-11048433012.125284,7199000,7300000
438,2018-07-02 22:30:56,7270000,1,7242000.0,-1373790.861053342,-19897986831.496605,7188000,7300000
439,2018-07-02 22:33:06,7230000,0,7213000.0,-1845587.6240169276,-26624447064.068195,7165000,7281000
440,2018-07-02 22:34:05,7219000,1,7198500.0,1215980.8259431645,17506475951.10374,7165000,7280000
441,2018-07-02 22:34:27,7222000,0,7198500.0,-431627.83096737135,-6214145882.437245,7168000,7281000
442,2018-07-02 22:34:27,7226000,0,7198500.0,-431627.83096737135,-6214145882.437245,7168000,7281000
443,2018-07-02 22:35:24,7248000,1,7224000.0,488072.63453343976,7051673423.739138,7189000,7295000
444,2018-07-02 22:35:24,7248000,1,7224000.0,488072.63453343976,7051673423.739138,7189000,7295000
445,2018-07-02 22:36:20,7267000,0,7253500.0,2507475.841928344,36375952038.85449,7220000,7300000
446,2018-07-02 22:36:20,7267000,0,7253500.0,2507475.841928344,36375952038.85449,7220000,7300000
447,2018-07-02 22:36:21,7267000,0,7255500.0,77947.51478550583,1131096387.0524752,7220000,7300000
448,2018-07-02 22:36:48,7272000,1,7256000.0,-912641.1040327614,-13244247701.723434,7206000,7299000
449,2018-07-02 22:37:01,7268000,1,7250500.0,-944735.203723901,-13699605189.200289,7200000,7299000
450,2018-07-02 22:38:35,7250000,1,7208500.0,-2726075.308809437,-39301827727.10565,7166000,7285000
451,2018-07-02 22:45:11,7255000,0,7241000.0,-877938.7100108434,-12714308398.377033,7222000,7299000
452,2018-07-02 22:45:15,7262000,0,7244500.0,-1257085.0990392705,-18213905999.979992,7222000,7299000
453,2018-07-02 22:45:15,7262000,0,7244500.0,-1257085.0990392705,-18213905999.979992,7222000,7299000
454,2018-07-02 22:45:15,7262000,0,7244500.0,-1257085.0990392705,-18213905999.979992,7222000,7299000
455,2018-07-02 22:45:19,7263000,0,7244500.0,-926616.4963925546,-13425746416.231724,7226000,7299000
456,2018-07-02 22:45:19,7263000,0,7244500.0,-926616.4963925546,-13425746416.231724,7226000,7299000
457,2018-07-02 22:45:19,7258000,0,7244500.0,-926616.4963925546,-13425746416.231724,7226000,7299000
458,2018-07-02 22:45:25,7263000,0,7249000.0,-316809.24748900626,-4593100470.0956135,7226000,7299000
459,2018-07-02 22:45:28,7272000,1,7255500.0,-943682.3461185247,-13693774524.525911,7232000,7299000
460,2018-07-02 22:45:29,7272000,1,7252000.0,-1385472.2179129645,-20094889048.60964,7232000,7299000
461,2018-07-02 22:45:35,7272000,1,7253500.0,-2071398.3282533651,-30049775547.971565,7232000,7299000
462,2018-07-02 22:47:02,7281000,0,7266000.0,4142748.55258704,60202421966.19486,7243000,7300000
463,2018-07-02 22:47:02,7281000,0,7266000.0,4142748.55258704,60202421966.19486,7243000,7300000
464,2018-07-02 22:47:40,7300000,0,7275000.0,-1889972.247287836,-27499096198.038013,7246000,7359000
465,2018-07-02 22:47:40,7300000,0,7275000.0,-1889972.247287836,-27499096198.038013,7246000,7359000
466,2018-07-02 22:47:40,7300000,0,7275000.0,-1889972.247287836,-27499096198.038013,7246000,7359000
467,2018-07-02 22:47:40,7300000,0,7275000.0,-1889972.247287836,-27499096198.038013,7246000,7359000
468,2018-07-02 22:47:40,7300000,0,7275000.0,-1889972.247287836,-27499096198.038013,7246000,7359000
469,2018-07-02 22:47:40,7300000,0,7275000.0,-1889972.247287836,-27499096198.038013,7246000,7359000
470,2018-07-02 22:47:40,7300000,0,7275000.0,-1889972.247287836,-27499096198.038013,7246000,7359000
471,2018-07-02 22:47:41,7300000,0,7275500.0,-526573.092701247,-7662165071.895845,7246000,7359000
472,2018-07-02 22:47:42,7300000,0,7275000.0,-812594.248887918,-11823246321.319206,7246000,7359000
473,2018-07-02 22:48:16,7307000,1,7280000.0,1114790.4952190667,16231349610.389612,7243000,7355000
474,2018-07-02 22:48:20,7306000,1,7276500.0,-788325.4701790009,-11472500567.515,7243000,7350000
475,2018-07-02 22:48:26,7306000,1,7278000.0,-272417.9350929046,-3965315463.2123194,7244000,7350000
476,2018-07-02 22:50:11,7301000,1,7278000.0,152744.6115720356,2223350566.04255,7245000,7348000
477,2018-07-02 22:50:17,7302000,1,7278500.0,406258.7312184293,5913908350.346676,7245000,7348000
478,2018-07-02 22:52:43,7274000,1,7260000.0,-2529411.5931419553,-36727056332.421196,7232000,7311000
479,2018-07-02 22:52:43,7274000,1,7260000.0,-2529411.5931419553,-36727056332.421196,7232000,7311000
480,2018-07-02 22:53:36,7275000,1,7259500.0,-611665.7568396302,-8880775123.554592,7243000,7303000
481,2018-07-02 22:54:25,7262000,0,7252500.0,-1996389.4069993729,-28957628348.525906,7236000,7302000
482,2018-07-02 22:54:56,7260000,1,7248500.0,2659592.7220252585,38556115691.20017,7234000,7295000
483,2018-07-02 22:54:57,7260000,1,7247000.0,1243416.9080705903,18022084665.575138,7234000,7295000
484,2018-07-02 22:56:35,7257000,1,7245000.0,-70565.80818621442,-1022498560.618247,7226000,7293000
485,2018-07-02 22:57:32,7255000,0,7241000.0,533824.9250675235,7730852564.827875,7227000,7290000
486,2018-07-02 22:57:46,7257000,1,7244500.0,-1440842.9985997938,-20876374206.712414,7227000,7296000
487,2018-07-02 22:57:55,7258000,1,7244500.0,-1546205.4142286964,-22402970246.759583,7228000,7300000
488,2018-07-02 22:58:17,7259000,0,7246500.0,-374928.3799094809,-5433837010.028108,7232000,7300000
489,2018-07-02 22:58:22,7264000,0,7249500.0,-148579.412672461,-2154252904.338012,7232000,7300000
490,2018-07-02 22:58:44,7270000,1,7252000.0,937757.7110525649,13601237841.106401,7236000,7301000
491,2018-07-02 22:59:17,7278000,1,7262500.0,-149139.93599778786,-2166257570.3678684,7241000,7302000
492,2018-07-02 22:59:34,7279000,1,7263500.0,-86650.63080749102,-1258773713.7404222,7246000,7301000
493,2018-07-02 23:01:41,7285000,0,7272000.0,111175.968476763,1616943285.526041,7255000,7317000
494,2018-07-02 23:03:36,7292000,0,7274000.0,-860202.5988183795,-12514227407.609785,7254000,7324000
495,2018-07-02 23:06:34,7297000,0,7283500.0,376710.45703500323,5487541227.628892,7265000,7332000
496,2018-07-02 23:08:09,7320000,1,7299000.0,-2026519.9897548025,-29583138810.440605,7280000,7352000
497,2018-07-02 23:11:55,7318000,0,7297500.0,-2318629.987103002,-33840404661.76832,7277000,7340000
498,2018-07-02 23:12:09,7319000,1,7301500.0,-3815008.567419259,-55710570110.023445,7280000,7346000
499,2018-07-02 23:12:58,7332000,0,7311500.0,-127068.5766727617,-1858123796.6857944,7291000,7372000
500,2018-07-02 23:12:58,7332000,0,7311500.0,-127068.5766727617,-1858123796.6857944,7291000,7372000
501,2018-07-02 23:13:02,7332000,0,7311500.0,-44967.072971808724,-657553508.066759,7295000,7372000
502,2018-07-02 23:13:09,7337000,0,7318500.0,17909184.71307319,262136736645.2523,7291000,7372000
503,2018-07-02 23:13:13,7340000,0,7320000.0,7422676.45616205,108667983318.21242,7290000,7372000
504,2018-07-02 23:13:13,7340000,0,7320000.0,7422676.45616205,108667983318.21242,7290000,7372000
505,2018-07-02 23:13:17,7340000,0,7320000.0,-133022.7695343634,-1947453345.9830804,7283000,7372000
506,2018-07-02 23:14:18,7320000,1,7302500.0,2293653.1437429134,33498804164.36525,7277000,7360000
507,2018-07-02 23:14:18,7320000,1,7302500.0,2293653.1437429134,33498804164.36525,7277000,7360000
508,2018-07-02 23:14:18,7320000,1,7302500.0,2293653.1437429134,33498804164.36525,7277000,7360000
509,2018-07-02 23:14:21,7319000,1,7301000.0,1510080.5065352656,22050195556.427948,7277000,7359000
511,2018-07-02 23:16:24,7330000,1,7310500.0,843010.4595580604,12325655929.198402,7290000,7359000
512,2018-07-02 23:17:44,7341000,0,7321000.0,-548515.5971221691,-8031365373.062799,7301000,7367000
513,2018-07-02 23:17:48,7342000,0,7321500.0,-452334.7249313276,-6623537377.169431,7301000,7367000
514,2018-07-02 23:17:48,7342000,0,7321500.0,-452334.7249313276,-6623537377.169431,7301000,7367000
515,2018-07-02 23:18:07,7342000,0,7321500.0,-2536773.80016708,-37145978755.84655,7295000,7365000
516,2018-07-02 23:18:26,7340000,1,7320500.0,5334285.189577447,78099269460.60341,7300000,7365000
517,2018-07-02 23:22:41,7294000,0,7269500.0,-3321598.9818891315,-48292727597.68609,7245000,7344000
518,2018-07-02 23:23:21,7296000,1,7276500.0,-932056.6943426123,-13564221072.768038,7255000,7333000
519,2018-07-02 23:23:59,7290000,1,7276000.0,4997309.124748047,72720842383.33359,7252000,7322000
520,2018-07-02 23:27:02,7296000,0,7277500.0,-1471644.125600052,-21419780248.108757,7265000,7340000
521,2018-07-02 23:27:39,7304000,0,7288500.0,-849537.0162151139,-12383701085.367716,7273000,7354000
522,2018-07-02 23:27:39,7304000,0,7288500.0,-849537.0162151139,-12383701085.367716,7273000,7354000
523,2018-07-02 23:27:51,7310000,1,7296500.0,1367169.3637061343,19951102524.563618,7281000,7354000
524,2018-07-02 23:30:42,7301000,1,7290500.0,-2211848.516627011,-32250963220.93845,7273000,7340000
525,2018-07-02 23:38:47,7302000,0,7287500.0,8991401.461706284,131049676304.3691,7273000,7338000
526,2018-07-02 23:38:47,7302000,0,7287500.0,8991401.461706284,131049676304.3691,7273000,7338000
527,2018-07-02 23:42:53,7313000,1,7297500.0,1543250.9365822803,22523747419.41838,7278000,7340000
528,2018-07-02 23:42:53,7313000,1,7297500.0,1543250.9365822803,22523747419.41838,7278000,7340000
529,2018-07-02 23:42:57,7310000,1,7298500.0,1758969.9425125476,25675684250.85566,7278000,7340000
