,timestamp,quantity,price,fee,amount,side
0,2018-07-01 02:04:44,0.075,7109000,0,-533175,0
1,2018-07-01 02:05:54,0.075,7112000,0,533400,1
2,2018-07-01 02:42:54,0.08,7094000,0,-567520,0
3,2018-07-01 02:44:44,0.0025,7094000,0,17735,1
4,2018-07-01 02:46:33,0.0775,7094000,0,549785,1
5,2018-07-01 03:42:06,0.0001,7083000,0,-708,0
6,2018-07-01 05:36:48,0.131,7099000,0,-929969,0
7,2018-07-01 05:40:01,0.006999999999999999,7124000,0,49868,1
8,2018-07-01 05:40:08,0.006,7131000,0,42786,1
9,2018-07-01 05:40:53,0.1181,7125000,0,841463,1
10,2018-07-01 05:56:18,0.6237,7114000,0,-4437002,0
11,2018-07-01 05:56:25,0.0132,7114000,0,-93905,0
12,2018-07-01 05:57:11,0.6369,7121000,0,4535365,1
13,2018-07-01 08:19:36,0.0001,7124000,0,-712,0
14,2018-07-01 09:08:18,2.2014,7178000,0,-15801649,0
15,2018-07-01 09:08:19,0.1546,7178000,0,-1109719,0
16,2018-07-01 09:08:19,0.0322,7178000,0,-231132,0
17,2018-07-01 09:11:26,0.08,7186000,0,574880,1
18,2018-07-01 09:11:26,1.6332,7186000,0,11736175,1
19,2018-07-01 09:12:09,0.6751,7180000,0,4847218,1
20,2018-07-01 09:17:32,0.012,7171000,0,-86052,0
21,2018-07-01 09:22:00,0.012,7161000,0,85932,1
22,2018-07-01 09:36:28,0.0001,7117000,0,-712,0
23,2018-07-01 09:37:09,0.0049,7113000,0,-34854,0
24,2018-07-01 09:38:02,0.2489,7119000,0,-1771919,0
25,2018-07-01 09:39:19,0.0539,7121000,0,383822,1
26,2018-07-01 09:39:19,0.2,7121000,0,1424200,1
27,2018-07-01 09:39:41,0.001,7131000,0,-7131,0
28,2018-07-01 09:42:18,0.02,7119000,0,-142380,0
29,2018-07-01 09:43:35,0.1191,7123000,0,-848349,0
30,2018-07-01 09:46:53,0.4943,7129000,0,-3523865,0
31,2018-07-01 09:46:57,0.016,7129000,0,-114064,0
32,2018-07-01 09:47:02,0.0055,7130000,0,-39215,0
33,2018-07-01 09:49:19,0.6559,7133000,0,4678535,1
34,2018-07-01 09:57:31,0.00661424,7131000,0,-47166,0
35,2018-07-01 09:58:08,0.0066,7133000,0,47078,1
36,2018-07-01 10:26:05,0.0313,7065000,0,-221135,0
37,2018-07-01 10:26:09,0.0066,7074000,0,-46688,0
38,2018-07-01 10:27:59,0.1238,7071000,0,-875390,0
39,2018-07-01 10:32:27,1.28562629,7085000,0,-9108662,0
40,2018-07-01 10:32:27,1.95207371,7085000,0,-13830442,0
41,2018-07-01 10:36:16,0.028999999999999998,7080000,0,205320,1
42,2018-07-01 10:36:21,0.983,7079000,0,6958657,1
43,2018-07-01 10:36:21,0.0637,7079000,0,450932,1
44,2018-07-01 10:36:25,0.08,7076000,0,566080,1
45,2018-07-01 10:36:25,0.0767,7076000,0,542729,1
46,2018-07-01 10:36:25,0.0217,7076000,0,153549,1
47,2018-07-01 10:36:29,0.021,7078000,0,148638,1
48,2018-07-01 10:39:57,0.2059,7076000,0,1456948,1
49,2018-07-01 10:40:03,0.0175,7075000,0,123813,1
50,2018-07-01 10:40:03,0.0908,7075000,0,642410,1
51,2018-07-01 10:40:12,0.0655,7072000,0,463216,1
52,2018-07-01 10:41:17,0.4314,7080000,0,-3054312,0
53,2018-07-01 10:41:17,1.7335,7080000,0,-12273180,0
54,2018-07-01 10:53:04,0.08,7092000,0,567360,1
55,2018-07-01 11:00:10,0.0202,7089000,0,143198,1
56,2018-07-01 11:06:11,0.6988,7083000,0,4949600,1
57,2018-07-01 11:10:58,0.3908,7090000,0,2770772,1
58,2018-07-01 11:10:59,0.3529,7090000,0,2502061,1
59,2018-07-01 11:10:59,0.0692,7090000,0,490628,1
60,2018-07-01 11:10:59,0.14,7090000,0,992600,1
61,2018-07-01 11:10:59,0.02,7090000,0,141800,1
62,2018-07-01 11:19:30,0.021,7080000,0,148680,1
63,2018-07-01 11:20:27,0.63,7083000,0,4462290,1
64,2018-07-01 11:20:31,0.0453,7081000,0,320769,1
65,2018-07-01 11:20:31,0.0453,7081000,0,320769,1
66,2018-07-01 11:24:53,5.870000000000001e-05,7077000,0,-415,0
67,2018-07-01 11:26:33,0.0152,7073000,0,-107510,0
68,2018-07-01 11:26:37,0.0156,7076000,0,-110386,0
69,2018-07-01 11:26:54,0.0028,7079000,0,-19821,0
70,2018-07-01 11:27:26,0.035,7076000,0,-247660,0
71,2018-07-01 11:29:24,0.5,7068000,0,-3534000,0
72,2018-07-01 11:29:54,2.0353,7065000,0,-14379395,0
73,2018-07-01 11:35:05,0.076,7071000,0,537396,1
74,2018-07-01 12:00:34,1.091,7058000,0,7700278,1
75,2018-07-01 12:10:50,0.2219,7068000,0,1568389,1
76,2018-07-01 12:10:51,0.021,7068000,0,148428,1
77,2018-07-01 12:12:37,0.0551,7063000,0,389171,1
78,2018-07-01 12:12:41,0.0326,7063000,0,230254,1
79,2018-07-01 12:15:36,0.021,7077000,0,148617,1
80,2018-07-01 12:15:42,0.1286,7077000,0,910102,1
81,2018-07-01 12:15:43,0.0159,7077000,0,112524,1
82,2018-07-01 12:31:25,0.1748,7084000,0,1238283,1
83,2018-07-01 12:52:25,0.0235,7085000,0,166498,1
84,2018-07-01 12:52:25,0.0647,7085000,0,458400,1
85,2018-07-01 12:53:23,0.1128,7084000,0,799075,1
86,2018-07-01 12:53:23,0.1135,7084000,0,804034,1
87,2018-07-01 12:53:23,0.3672,7084000,0,2601245,1
88,2018-07-01 12:58:39,0.08,7080000,0,566400,1
89,2018-07-01 12:58:39,0.1996,7080000,0,1413168,1
90,2018-07-01 12:58:39,0.08,7080000,0,566400,1
91,2018-07-01 12:58:39,0.08,7080000,0,566400,1
92,2018-07-01 12:58:45,0.3,7078000,0,2123400,1
93,2018-07-01 12:58:45,0.1064,7078000,0,753099,1
94,2018-07-01 12:58:45,0.01,7078000,0,70780,1
95,2018-07-01 12:58:45,0.08,7078000,0,566240,1
96,2018-07-01 12:58:45,0.5444,7078000,0,3853263,1
97,2018-07-01 14:32:02,0.3288,7084000,0,-2329219,0
98,2018-07-01 14:34:55,0.0662,7083000,0,-468895,0
99,2018-07-01 14:46:28,0.1292,7111000,0,-918741,0
100,2018-07-01 14:46:47,0.1012,7154109,0,723995,1
101,2018-07-01 14:48:23,0.021,7174003,0,150654,1
102,2018-07-01 14:48:23,0.402,7174003,0,2883949,1
103,2018-07-01 14:49:46,0.0034,7079690,0,-24070,0
104,2018-07-01 14:50:44,6.221e-05,7082587,0,-440,0
105,2018-07-01 14:50:50,1.0,7082635,0,-7082635,0
106,2018-07-01 14:50:50,0.2326,7082635,0,-1647420,0
107,2018-07-01 14:50:54,0.062,7089072,0,-439522,0
108,2018-07-01 14:53:00,0.0098,7091810,0,-69499,0
109,2018-07-01 14:53:00,0.0212,7091810,0,-150346,0
110,2018-07-01 14:56:29,0.006999999999999999,7155228,0,50086,1
111,2018-07-01 14:56:29,0.08,7155228,0,572418,1
112,2018-07-01 14:59:50,1.2421,7161957,0,8895866,1
113,2018-07-01 15:17:29,0.0067,7075230,0,-47404,0
114,2018-07-01 15:17:54,0.0067,7161371,0,47981,1
115,2018-07-01 15:25:28,0.1368,7072114,0,-967465,0
116,2018-07-01 15:33:26,0.1164,7144407,0,831608,1
117,2018-07-01 15:33:30,0.0204,7143226,0,145721,1
118,2018-07-01 15:38:33,0.0056,7075077,0,-39620,0
119,2018-07-01 15:38:37,0.0002,7072058,0,-1414,0
120,2018-07-01 15:38:37,0.1565,7072058,0,-1106777,0
121,2018-07-01 15:38:38,0.3523,7076646,0,-2493102,0
122,2018-07-01 15:38:41,0.5218,7076835,0,-3692692,0
123,2018-07-01 15:41:18,0.3006,7074284,0,-2126529,0
124,2018-07-01 15:43:00,0.139,7077391,0,-983757,0
125,2018-07-01 15:45:53,0.43200000000000005,7161661,0,3093837,1
126,2018-07-01 15:48:33,1.044,7159759,0,7474788,1
127,2018-07-01 16:02:51,0.006,7072175,0,-42433,0
128,2018-07-01 16:08:25,0.006,7152319,0,42913,1
129,2018-07-01 16:22:43,0.1,7082454,0,-708245,0
130,2018-07-01 16:22:43,0.08,7082454,0,-566596,0
131,2018-07-01 16:29:33,0.18,7170352,0,1290663,1
132,2018-07-01 18:26:49,0.0065,7081451,0,-46029,0
133,2018-07-01 18:31:24,0.0065,7141800,0,46421,1
134,2018-07-01 18:57:55,0.402,7056086,0,-2836546,0
135,2018-07-01 18:59:10,0.402,7122367,0,2863191,1
136,2018-07-01 19:01:51,0.0439,7055402,0,-309732,0
137,2018-07-01 19:01:55,0.02,7055344,0,-141106,0
138,2018-07-01 19:02:00,0.015,7054649,0,-105819,0
139,2018-07-01 19:23:03,0.0789,7134688,0,562926,1
140,2018-07-01 19:48:57,0.3,7059905,0,-2117971,0
141,2018-07-01 19:48:57,0.08,7059905,0,-564792,0
142,2018-07-01 19:48:57,0.08,7059905,0,-564792,0
143,2018-07-01 19:48:57,0.08,7059905,0,-564792,0
144,2018-07-01 19:48:58,0.08,7059082,0,-564726,0
145,2018-07-01 19:48:58,0.02,7059082,0,-141181,0
146,2018-07-01 19:48:58,0.366,7059082,0,-2583624,0
147,2018-07-01 19:49:03,0.0052,7058797,0,-36705,0
148,2018-07-01 19:49:59,0.14,7128695,0,998017,1
149,2018-07-01 19:50:00,0.2792,7131030,0,1990983,1
150,2018-07-01 19:59:21,0.5920000000000001,7154109,0,4235232,1
151,2018-07-01 20:05:46,0.02,7071128,0,-141422,0
152,2018-07-01 20:12:00,0.02,7137793,0,142755,1
153,2018-07-01 22:10:38,4.0,7047761,0,-28191044,0
154,2018-07-01 23:27:40,0.3096,7104814,0,2199650,1
155,2018-07-01 23:27:45,3.6904,7100745,0,26204589,1
156,2018-07-01 23:36:57,0.0077,6983747,0,-53774,0
157,2018-07-01 23:37:25,0.0438,6987825,0,-306066,0
158,2018-07-01 23:37:35,0.0432,6985688,0,-301781,0
159,2018-07-01 23:37:39,0.005,6987843,0,-34939,0
160,2018-07-01 23:39:21,0.0908,6992331,0,-634903,0
161,2018-07-01 23:39:25,0.0001,6989842,0,-698,0
162,2018-07-01 23:40:46,0.1906,7058824,0,1345411,1
163,2018-07-01 23:42:14,0.9836,6992261,0,-6877587,0
164,2018-07-01 23:42:14,0.021,6992261,0,-146837,0
165,2018-07-01 23:42:44,0.01,6993144,0,-69931,0
166,2018-07-01 23:42:44,0.0046,6993144,0,-32168,0
167,2018-07-01 23:42:48,0.0523,7012367,0,-366746,0
168,2018-07-01 23:42:52,0.1421,6993750,0,-993811,0
169,2018-07-01 23:44:53,0.021,7074528,0,148565,1
170,2018-07-01 23:44:53,0.141,7074528,0,997508,1
171,2018-07-01 23:45:32,0.0098,7083913,0,69422,1
172,2018-07-01 23:46:01,0.4307,7078466,0,3048695,1
173,2018-07-01 23:52:57,1.4680000000000002,6995612,0,-10269558,0
174,2018-07-02 00:00:22,0.5468,7058176,0,3859410,1
175,2018-07-02 00:00:39,0.0092,6991328,0,-64320,0
176,2018-07-02 00:01:16,0.08,6992044,0,-559363,0
177,2018-07-02 00:01:16,0.08,6992044,0,-559363,0
178,2018-07-02 00:01:16,0.0074,6992044,0,-51741,0
179,2018-07-02 00:05:41,2.2911,6991360,0,-16017904,0
180,2018-07-02 00:39:09,0.1428,7034434,0,1004517,1
181,2018-07-02 00:39:09,0.0714,7034434,0,502258,1
182,2018-07-02 00:39:09,0.0149,7034434,0,104813,1
183,2018-07-02 00:39:09,0.0171,7034434,0,120288,1
184,2018-07-02 00:39:09,0.0474,7034434,0,333432,1
185,2018-07-02 00:39:09,2.0,7034434,0,14068868,1
186,2018-07-02 00:39:09,0.0192,7034434,0,135061,1
187,2018-07-02 00:39:09,0.0685,7034434,0,481858,1
188,2018-07-02 00:39:10,0.01,7034803,0,70348,1
189,2018-07-02 00:39:10,0.4896,7034803,0,3444239,1
190,2018-07-02 00:39:14,0.7419,7036030,0,5220030,1
191,2018-07-02 00:39:15,0.0195,7036034,0,137202,1
192,2018-07-02 00:39:15,0.0418,7036034,0,294106,1
193,2018-07-02 00:39:15,0.0021,7036034,0,14775,1
194,2018-07-02 00:39:15,0.0022,7036034,0,15479,1
195,2018-07-02 00:39:18,0.0398,7034169,0,279959,1
196,2018-07-02 00:44:31,0.0029,7023002,0,20366,1
197,2018-07-02 00:45:45,0.2689,7029776,0,1890306,1
198,2018-07-02 00:53:38,0.7314,6956389,0,-5087902,0
199,2018-07-02 00:53:38,0.3436,6956389,0,-2390215,0
200,2018-07-02 00:55:35,0.0688,6962670,0,-479031,0
201,2018-07-02 00:56:47,0.9848,6963145,0,-6857305,0
202,2018-07-02 00:58:42,1.0353,7065065,0,7314461,1
203,2018-07-02 01:00:40,0.0767,7051800,0,540873,1
204,2018-07-02 01:00:40,0.0014,7051800,0,9872,1
205,2018-07-02 01:00:53,0.08,7056431,0,564514,1
206,2018-07-02 01:02:49,0.021,6977513,0,-146527,0
207,2018-07-02 01:02:49,0.3973,6977513,0,-2772165,0
208,2018-07-02 01:02:53,0.08,6978594,0,-558287,0
209,2018-07-02 01:02:53,0.0151,6978594,0,-105376,0
210,2018-07-02 01:03:23,0.4183,6982752,0,-2920885,0
211,2018-07-02 01:03:51,0.0869,6986621,0,-607137,0
212,2018-07-02 01:04:13,0.0001,6995264,0,-699,0
213,2018-07-02 01:04:13,0.01,6995264,0,-69952,0
214,2018-07-02 01:05:02,0.2125,7073663,0,1503153,1
215,2018-07-02 01:11:37,2.2485,6983218,0,-15701765,0
216,2018-07-02 01:18:12,0.08,7056528,0,564522,1
217,2018-07-02 01:18:37,0.059000000000000004,7055888,0,416297,1
218,2018-07-02 01:55:27,0.0005,7043686,0,3521,1
219,2018-07-02 01:56:59,0.046,7043718,0,324011,1
220,2018-07-02 02:18:48,0.01,7063072,0,70630,1
221,2018-07-02 02:19:13,3.8044,7062661,0,26869187,1
222,2018-07-02 02:39:17,0.0409,7006749,0,-286576,0
223,2018-07-02 02:42:22,0.021,7007450,0,-147156,0
224,2018-07-02 02:47:17,0.0327,7024891,0,-229713,0
225,2018-07-02 02:51:12,0.08,7124910,0,569992,1
226,2018-07-02 02:51:16,0.0146,7111092,0,103821,1
227,2018-07-02 04:26:13,1.3124,6985200,0,-9167376,0
228,2018-07-02 04:26:17,0.08,6986512,0,-558920,0
229,2018-07-02 04:27:33,2.6075,6983822,0,-18210315,0
230,2018-07-02 04:39:34,0.0293,7069424,0,207134,1
231,2018-07-02 04:42:49,0.0199,7071359,0,140720,1
232,2018-07-02 04:45:27,0.021,7069742,0,148464,1
233,2018-07-02 04:45:27,0.28300000000000003,7069742,0,2000736,1
234,2018-07-02 04:50:13,0.08,7064440,0,565155,1
235,2018-07-02 04:50:14,0.5949,7064437,0,4202633,1
236,2018-07-02 04:50:17,0.08,7064550,0,565164,1
237,2018-07-02 04:50:22,0.3274,7054184,0,2309539,1
238,2018-07-02 04:50:26,0.28,7054292,0,1975201,1
239,2018-07-02 04:50:30,0.0406,7053624,0,286377,1
240,2018-07-02 04:50:30,0.08,7053624,0,564289,1
241,2018-07-02 04:50:30,0.0142,7053624,0,100161,1
242,2018-07-02 04:52:22,0.406,7058457,0,2865733,1
243,2018-07-02 04:52:23,0.0381,7059405,0,268963,1
244,2018-07-02 04:53:36,0.0291,7061004,0,205475,1
245,2018-07-02 04:56:23,1.5561,7055214,0,10978618,1
246,2018-07-02 04:57:19,0.0004,7059379,0,2823,1
247,2018-07-02 05:03:06,0.08,6997385,0,-559790,0
248,2018-07-02 05:12:16,0.015,7061002,0,105915,1
249,2018-07-02 05:12:16,0.015,7061002,0,105915,1
250,2018-07-02 05:12:16,0.0232,7061002,0,163815,1
251,2018-07-02 05:17:51,0.021,7056620,0,148189,1
252,2018-07-02 05:17:52,0.1257,7056785,0,887037,1
253,2018-07-02 05:30:30,0.0139,7022234,0,-97609,0
254,2018-07-02 05:30:38,0.0139,7139353,0,99237,1
255,2018-07-02 05:38:03,0.016,7017830,0,-112285,0
256,2018-07-02 05:38:03,0.015,7017830,0,-105267,0
257,2018-07-02 05:39:36,0.0005,7041725,0,-3520,0
258,2018-07-02 05:40:07,0.0003,7147445,0,2144,1
259,2018-07-02 05:41:08,0.0312,7134645,0,222600,1
260,2018-07-02 05:45:27,0.0438,7011784,0,-307116,0
261,2018-07-02 05:45:37,0.2839,7020794,0,-1993203,0
262,2018-07-02 05:47:19,0.3277,7118667,0,2332787,1
263,2018-07-02 06:01:49,0.021,7015431,0,-147324,0
264,2018-07-02 06:02:23,0.013999999999999999,7108703,0,99521,1
265,2018-07-02 06:02:23,0.006999999999999999,7108703,0,49760,1
266,2018-07-02 06:07:32,0.0743,6998672,0,-520001,0
267,2018-07-02 06:07:48,0.282,7009655,0,-1976722,0
268,2018-07-02 06:08:46,0.2884,7016106,0,-2023444,0
269,2018-07-02 06:09:43,0.0001,7105421,0,710,1
270,2018-07-02 06:11:03,0.0482,7018481,0,-338290,0
271,2018-07-02 06:16:33,0.08,7021076,0,-561686,0
272,2018-07-02 06:23:58,0.08,7107885,0,568630,1
273,2018-07-02 06:27:48,0.08,7101021,0,568081,1
274,2018-07-02 06:27:48,0.08,7101021,0,568081,1
275,2018-07-02 06:27:49,0.08,7102340,0,568187,1
276,2018-07-02 06:27:52,0.0157,7099248,0,111458,1
277,2018-07-02 06:28:38,0.08,7019559,0,-561564,0
278,2018-07-02 06:28:42,0.004,7019019,0,-28076,0
279,2018-07-02 06:29:54,0.0041,7022752,0,-28793,0
280,2018-07-02 06:30:39,0.019,7114527,0,135176,1
281,2018-07-02 06:34:04,0.067,7021434,0,-470436,0
282,2018-07-02 06:36:44,0.2158,7040823,0,-1519409,0
283,2018-07-02 06:36:44,0.027999999999999997,7040823,0,-197143,0
284,2018-07-02 06:36:48,0.021,7034648,0,-147727,0
285,2018-07-02 06:39:07,0.838,7126818,0,5972273,1
286,2018-07-02 09:01:23,0.08,7035737,0,-562858,0
287,2018-07-02 09:02:35,0.0087,7125028,0,61987,1
288,2018-07-02 09:02:42,0.0713,7117773,0,507497,1
289,2018-07-02 09:06:28,0.0001,7010504,0,-701,0
290,2018-07-02 09:10:23,0.28300000000000003,7017830,0,-1986045,0
291,2018-07-02 09:13:51,0.021,7023059,0,-147484,0
292,2018-07-02 09:14:14,0.0034,7026701,0,-23890,0
293,2018-07-02 09:14:18,0.0282,7028353,0,-198199,0
294,2018-07-02 09:14:56,0.0013,7034585,0,-9144,0
295,2018-07-02 09:17:09,0.0819,7027943,0,-575588,0
296,2018-07-02 09:17:42,0.29592083,7036082,0,-2082123,0
297,2018-07-02 09:17:42,0.07997917,7036082,0,-562739,0
298,2018-07-02 09:18:33,0.03872083,7039431,0,-272572,0
299,2018-07-02 09:18:34,0.00407917,7039427,0,-28715,0
300,2018-07-02 09:18:41,0.07997917,7039571,0,-563019,0
301,2018-07-02 09:18:41,2.083e-05,7039571,0,-146,0
302,2018-07-02 09:22:10,0.0038,7109030,0,27014,1
303,2018-07-02 09:25:37,0.361,7024476,0,-2535835,0
304,2018-07-02 09:26:27,0.8065,7096088,0,5722994,1
305,2018-07-02 09:27:37,0.0047,7083537,0,33292,1
306,2018-07-02 09:27:37,0.01,7083537,0,70835,1
307,2018-07-02 09:27:37,0.005,7083537,0,35417,1
308,2018-07-02 09:27:41,0.0282,7082476,0,199725,1
309,2018-07-02 09:31:28,0.0078,7082767,0,55245,1
310,2018-07-02 09:31:28,0.01,7082767,0,70827,1
311,2018-07-02 09:34:39,0.0047,7004000,0,-32918,0
312,2018-07-02 09:35:12,0.004,7011111,0,-28044,0
313,2018-07-02 09:35:16,0.02,7010773,0,-140215,0
314,2018-07-02 09:35:20,0.08,7010148,0,-560811,0
315,2018-07-02 09:35:20,0.08,7010148,0,-560811,0
316,2018-07-02 09:35:21,0.08,7011039,0,-560883,0
317,2018-07-02 09:41:14,0.0039,6998802,0,-27295,0
318,2018-07-02 09:41:14,0.08,6998802,0,-559904,0
319,2018-07-02 09:42:57,0.022000000000000002,6994006,0,-153868,0
320,2018-07-02 09:46:48,0.7772,7065435,0,5491256,1
321,2018-07-02 09:53:17,1.0,7006489,0,-7006489,0
322,2018-07-02 09:57:48,0.0358,7082698,0,253560,1
323,2018-07-02 10:11:23,0.804,7009600,0,-5635718,0
324,2018-07-02 10:11:27,0.0028,7014463,0,-19640,0
325,2018-07-02 10:11:31,0.0028,7009883,0,-19627,0
326,2018-07-02 10:11:31,0.08,7009883,0,-560790,0
327,2018-07-02 10:11:35,0.08,7011648,0,-560931,0
328,2018-07-02 10:11:39,0.08,7011078,0,-560886,0
329,2018-07-02 10:34:27,0.0354,7084597,0,250794,1
330,2018-07-02 10:34:27,0.0301,7084597,0,213246,1
331,2018-07-02 10:35:58,0.021,7092821,0,148949,1
332,2018-07-02 10:39:54,0.004,7091147,0,28364,1
333,2018-07-02 10:41:12,0.0625,7084226,0,442764,1
334,2018-07-02 10:41:38,0.04,7090644,0,283625,1
335,2018-07-02 10:41:43,0.0924,7081281,0,654310,1
336,2018-07-02 10:41:54,0.0479,7079941,0,339129,1
337,2018-07-02 10:41:54,0.0798,7079941,0,564979,1
338,2018-07-02 10:41:54,0.42589438,7079941,0,3015307,1
339,2018-07-02 10:42:58,1.0,7073026,0,7073026,1
340,2018-07-02 10:42:58,0.0366,7073026,0,258872,1
341,2018-07-02 10:43:55,0.1382,7071984,0,977348,1
342,2018-07-02 10:47:41,0.1721,7011475,0,-1206674,0
343,2018-07-02 10:50:47,0.0999,7012797,0,-700578,0
344,2018-07-02 11:01:38,0.08,7014784,0,-561182,0
345,2018-07-02 11:01:38,0.08,7014784,0,-561182,0
346,2018-07-02 11:03:13,0.2389,7013164,0,-1675444,0
347,2018-07-02 11:03:13,0.0314,7013164,0,-220213,0
348,2018-07-02 11:03:49,0.0374,7015381,0,-262375,0
349,2018-07-02 11:15:10,0.019,7014663,0,-133278,0
350,2018-07-02 11:25:07,0.7587,7092127,0,5380796,1
351,2018-07-02 12:43:51,0.2819,7021821,0,-1979451,0
352,2018-07-02 13:01:38,0.2779,7100013,0,1973093,1
353,2018-07-02 13:07:12,0.004,7092767,0,28371,1
354,2018-07-02 13:39:23,0.3565,6982814,0,-2489373,0
355,2018-07-02 13:39:28,0.08,6983017,0,-558641,0
356,2018-07-02 13:41:57,0.0365,7049056,0,257290,1
357,2018-07-02 13:45:33,0.019,7051381,0,133976,1
358,2018-07-02 13:48:30,0.2651,6985928,0,-1851969,0
359,2018-07-02 13:54:28,0.0263,7052731,0,185486,1
360,2018-07-02 14:03:24,0.6198,7045133,0,4366573,1
361,2018-07-02 14:56:19,0.0683,6991259,0,-477502,0
362,2018-07-02 14:56:19,0.08,6991259,0,-559300,0
363,2018-07-02 14:56:20,0.0117,6991436,0,-81799,0
364,2018-07-02 15:11:08,0.0028,6980052,0,-19544,0
365,2018-07-02 15:11:35,0.0566,7034674,0,398162,1
366,2018-07-02 15:11:36,0.0636,7035295,0,447444,1
367,2018-07-02 15:13:55,0.004,7036298,0,28145,1
368,2018-07-02 15:16:11,0.0015,7032449,0,10548,1
369,2018-07-02 15:17:32,0.0013,7035617,0,9146,1
370,2018-07-02 15:17:36,0.0142,7031620,0,99849,1
371,2018-07-02 15:17:36,0.0004,7031620,0,2812,1
372,2018-07-02 15:17:36,0.0128,7031620,0,90004,1
373,2018-07-02 15:17:36,0.0084,7031620,0,59065,1
374,2018-07-02 15:19:24,0.006,6968834,0,-41813,0
375,2018-07-02 15:20:22,0.0043,7036110,0,30255,1
376,2018-07-02 15:20:23,0.0017,7036100,0,11961,1
377,2018-07-02 15:50:00,0.0042,6999039,0,-29395,0
378,2018-07-02 15:50:00,0.01,6999039,0,-69990,0
379,2018-07-02 15:50:00,0.01,6999039,0,-69990,0
380,2018-07-02 15:50:04,0.01,7000438,0,-70004,0
381,2018-07-02 15:50:21,0.4333,6998157,0,-3032301,0
382,2018-07-02 15:54:45,0.0378,7088399,0,267941,1
383,2018-07-02 15:55:12,0.0046,7082629,0,32580,1
384,2018-07-02 16:01:12,0.08,7060466,0,564837,1
385,2018-07-02 16:01:12,0.3232,7060466,0,2281942,1
386,2018-07-02 16:01:17,0.0219,7058162,0,154573,1
387,2018-07-02 16:16:22,1.5,6990711,0,-10486066,0
388,2018-07-02 16:16:22,0.08,6990711,0,-559256,0
389,2018-07-02 16:18:02,0.08,7075374,0,566029,1
390,2018-07-02 16:31:04,0.6512,7100729,0,4623994,1
391,2018-07-02 16:38:21,0.0004,7098347,0,2839,1
392,2018-07-02 16:48:44,0.0778,7094974,0,551988,1
393,2018-07-02 16:57:00,0.4309,7015873,0,-3023139,0
394,2018-07-02 16:59:01,1.03084164,7108968,0,7328220,1
395,2018-07-02 16:59:20,0.0215,7118396,0,153045,1
396,2018-07-02 16:59:47,0.021,7102430,0,149151,1
397,2018-07-02 17:02:21,0.01,7103252,0,71032,1
398,2018-07-02 17:03:03,0.0031,7025562,0,-21779,0
399,2018-07-02 17:08:58,0.1212,7113789,0,862191,1
400,2018-07-02 17:29:47,0.10400000000000001,7029887,0,-731108,0
401,2018-07-02 17:39:11,0.0605,7103190,0,429742,1
402,2018-07-02 17:43:13,0.0435,7100750,0,308882,1
403,2018-07-02 19:22:32,4.0,7024148,0,-28096592,0
404,2018-07-02 19:24:36,0.08,7101196,0,568095,1
405,2018-07-02 19:24:55,0.08,7105863,0,568469,1
406,2018-07-02 19:24:59,0.0063,7095044,0,44698,1
407,2018-07-02 19:24:59,0.021,7095044,0,148995,1
408,2018-07-02 19:25:04,0.0046,7094353,0,32634,1
409,2018-07-02 19:25:16,0.0737,7102886,0,523482,1
410,2018-07-02 19:26:21,0.282,7102827,0,2002997,1
411,2018-07-02 19:32:13,1.27,7103032,0,9020850,1
412,2018-07-02 19:43:57,0.0456,7112325,0,324322,1
413,2018-07-02 19:58:24,0.5184,7089917,0,3675412,1
414,2018-07-02 19:58:24,0.6683,7089917,0,4738191,1
415,2018-07-02 19:58:24,0.0292,7089917,0,207025,1
416,2018-07-02 20:07:59,0.2911,7096278,0,2065726,1
417,2018-07-02 20:07:59,0.0055,7096278,0,39029,1
418,2018-07-02 20:17:03,0.6243,7104351,0,4435246,1
419,2018-07-02 21:13:50,0.0856,7014010,0,-600399,0
420,2018-07-02 21:13:51,0.0856,7014006,0,-600398,0
421,2018-07-02 21:13:51,0.0514,7014006,0,-360519,0
422,2018-07-02 21:16:03,0.0051,7025439,0,-35829,0
423,2018-07-02 21:19:14,0.05,7098317,0,354915,1
424,2018-07-02 22:05:21,0.1777,7104210,0,1262418,1
425,2018-07-02 22:18:36,2.0,7038862,0,-14077724,0
426,2018-07-02 22:24:31,0.4156,7140204,0,2967468,1
427,2018-07-02 22:24:32,0.0432,7144878,0,308658,1
428,2018-07-02 22:24:33,0.02,7141392,0,142827,1
429,2018-07-02 22:24:33,1.5212,7141392,0,10863485,1
430,2018-07-02 22:27:33,4.0,7082462,0,-28329848,0
431,2018-07-02 22:28:32,0.336,7238454,0,2432120,1
432,2018-07-02 22:28:36,0.136,7191889,0,978096,1
433,2018-07-02 22:28:36,0.9279999999999999,7191889,0,6674072,1
434,2018-07-02 22:28:36,0.0018,7191889,0,12945,1
435,2018-07-02 22:29:57,1.205,7309712,0,8808202,1
436,2018-07-02 22:30:25,0.0016,7194814,0,-11511,0
437,2018-07-02 22:30:28,0.9392,7196458,0,-6758913,0
438,2018-07-02 22:30:56,2.334,7332050,0,17113004,1
439,2018-07-02 22:33:06,0.0062,7191787,0,-44589,0
440,2018-07-02 22:34:05,0.0062,7266044,0,45049,1
441,2018-07-02 22:34:27,0.13699999999999998,7167121,0,-981895,0
442,2018-07-02 22:34:27,0.3108,7167121,0,-2227541,0
443,2018-07-02 22:35:24,0.0359,7300005,0,262070,1
444,2018-07-02 22:35:24,0.4119,7300005,0,3006872,1
445,2018-07-02 22:36:20,0.1,7228225,0,-722822,0
446,2018-07-02 22:36:20,5.12e-05,7228225,0,-370,0
447,2018-07-02 22:36:21,0.0118,7235871,0,-85383,0
448,2018-07-02 22:36:48,0.0996,7325934,0,729663,1
449,2018-07-02 22:37:01,0.0062,7322621,0,45400,1
450,2018-07-02 22:38:35,0.0061,7321840,0,44663,1
451,2018-07-02 22:45:11,8.2e-06,7220969,0,-59,0
452,2018-07-02 22:45:15,0.0656,7222308,0,-473783,0
453,2018-07-02 22:45:15,0.5442,7222308,0,-3930380,0
454,2018-07-02 22:45:15,0.0137,7222308,0,-98945,0
455,2018-07-02 22:45:19,0.4614,7220987,0,-3331763,0
456,2018-07-02 22:45:19,0.0014,7220987,0,-10109,0
457,2018-07-02 22:45:19,0.0555,7220987,0,-400764,0
458,2018-07-02 22:45:25,0.0444,7228073,0,-320926,0
459,2018-07-02 22:45:28,0.0648,7326332,0,474746,1
460,2018-07-02 22:45:29,0.6536,7329999,0,4790887,1
461,2018-07-02 22:45:35,0.4678,7331984,0,3429902,1
462,2018-07-02 22:47:02,0.0137,7236265,0,-99136,0
463,2018-07-02 22:47:02,0.002,7236265,0,-14472,0
464,2018-07-02 22:47:40,0.4967,7248226,0,-3600193,0
465,2018-07-02 22:47:40,0.001,7248226,0,-7248,0
466,2018-07-02 22:47:40,1.0,7248226,0,-7248226,0
467,2018-07-02 22:47:40,0.77980955,7248226,0,-5652235,0
468,2018-07-02 22:47:40,0.2,7248226,0,-1449645,0
469,2018-07-02 22:47:40,0.0002,7248226,0,-1449,0
470,2018-07-02 22:47:40,0.1758,7248226,0,-1274238,0
471,2018-07-02 22:47:41,0.2057,7246575,0,-1490620,0
472,2018-07-02 22:47:42,2.12509045,7246213,0,-15398858,0
473,2018-07-02 22:48:16,0.1209,7359664,0,889783,1
474,2018-07-02 22:48:20,0.1888,7368821,0,1391233,1
475,2018-07-02 22:48:26,0.40299999999999997,7365627,0,2968347,1
476,2018-07-02 22:50:11,0.028999999999999998,7355646,0,213313,1
477,2018-07-02 22:50:17,0.2195,7355797,0,1614597,1
478,2018-07-02 22:52:43,2.7461,7333770,0,20139265,1
479,2018-07-02 22:52:43,0.3303,7333770,0,2422344,1
480,2018-07-02 22:53:36,0.0002,7327593,0,1465,1
481,2018-07-02 22:54:25,0.0565,7237934,0,-408943,0
482,2018-07-02 22:54:56,0.02600358,7296666,0,189739,1
483,2018-07-02 22:54:57,0.2801,7303131,0,2045606,1
484,2018-07-02 22:56:35,0.0001,7304570,0,730,1
485,2018-07-02 22:57:32,1.1892,7218761,0,-8584550,0
486,2018-07-02 22:57:46,0.9,7310125,0,6579112,1
487,2018-07-02 22:57:55,1.0017,7312134,0,7324564,1
488,2018-07-02 22:58:17,0.2491,7226862,0,-1800211,0
489,2018-07-02 22:58:22,3.0969,7227899,0,-22384080,0
490,2018-07-02 22:58:44,0.6365,7317453,0,4657558,1
491,2018-07-02 22:59:17,0.7981,7328793,0,5849109,1
492,2018-07-02 22:59:34,0.1111,7329571,0,814315,1
493,2018-07-02 23:01:41,0.0017,7251023,0,-12326,0
494,2018-07-02 23:03:36,0.475,7250851,0,-3444154,0
495,2018-07-02 23:06:34,1.0,7261539,0,-7261539,0
496,2018-07-02 23:08:09,3.2769999999999997,7385340,0,24201759,1
497,2018-07-02 23:11:55,0.2634,7275446,0,-1916352,0
498,2018-07-02 23:12:09,0.2634,7391642,0,1946958,1
499,2018-07-02 23:12:58,0.001,7284852,0,-7284,0
500,2018-07-02 23:12:58,0.0018,7284852,0,-13112,0
501,2018-07-02 23:13:02,0.0027,7284672,0,-19668,0
502,2018-07-02 23:13:09,0.1016,7252687,0,-736872,0
503,2018-07-02 23:13:13,0.06349128,7276567,0,-461998,0
504,2018-07-02 23:13:13,0.0136,7276567,0,-98961,0
505,2018-07-02 23:13:17,4.0,7293728,0,-29174912,0
506,2018-07-02 23:14:18,3.498,7361224,0,25749561,1
507,2018-07-02 23:14:18,0.0493,7361224,0,362908,1
508,2018-07-02 23:14:18,0.001,7361224,0,7361,1
509,2018-07-02 23:14:21,0.6359,7364560,0,4683123,1
510,2018-07-02 23:15:08,5.0,7331000,0,-36655000,0
511,2018-07-02 23:16:24,5.0,7380112,0,36900560,1
512,2018-07-02 23:17:44,0.0126,7295671,0,-91925,0
513,2018-07-02 23:17:48,0.0218,7295555,0,-159043,0
514,2018-07-02 23:17:48,0.0199,7295555,0,-145181,0
515,2018-07-02 23:18:07,0.585,7300317,0,-4270685,0
516,2018-07-02 23:18:26,0.6393,7365318,0,4708647,1
517,2018-07-02 23:22:41,0.1237,7245663,0,-896288,0
518,2018-07-02 23:23:21,0.0091,7353435,0,66916,1
519,2018-07-02 23:23:59,0.1146,7317021,0,838530,1
520,2018-07-02 23:27:02,2.07012064,7255120,0,-15018973,0
521,2018-07-02 23:27:39,0.1579,7267349,0,-1147514,0
522,2018-07-02 23:27:39,0.0136,7267349,0,-98835,0
523,2018-07-02 23:27:51,0.0013,7353522,0,9559,1
524,2018-07-02 23:30:42,2.2403,7360149,0,16488941,1
525,2018-07-02 23:38:47,1.0,7247650,0,-7247650,0
526,2018-07-02 23:38:47,0.1,7247650,0,-724765,0
527,2018-07-02 23:42:53,0.8061,7356852,0,5930358,1
528,2018-07-02 23:42:53,0.272,7356852,0,2001063,1
529,2018-07-02 23:42:57,0.0219,7350348,0,160972,1
